,Condition,Concentration,Time,splist,sp1OD,sp2OD,sp3OD,sp4OD,sp5OD,sp6OD,sp7OD,sp8OD,sp9OD,sp10OD,sp11OD,sp12OD,sp13OD,sp14OD,Antibiotic
0,CD-DP,0.375,48,"['CD', 'DP']",0.000306691,0,0.043470591,0,0,0,0,0,0,0,0,0,0,0,Fidaxomicin
1,CD-DP,0.1875,48,"['CD', 'DP']",0.013720249,0,0.06334601,0,0,0,0,0,0,0,0,0,0,0,Fidaxomicin
2,CD-DP,0.09375,48,"['CD', 'DP']",0.056594822,0,0.107244944,0,0,0,0,0,0,0,0,0,0,0,Fidaxomicin
3,CD-DP,0.046875,48,"['CD', 'DP']",0.052692515,0,0.097367247,0,0,0,0,0,0,0,0,0,0,0,Fidaxomicin
4,CD-BT,0.1875,48,"['CD', 'BT']",0.008860142,0,0,0,0,0,0,0,0,0,0.490948043,0,0,0,Fidaxomicin
5,CD-BH,0.046875,48,"['CD', 'BH']",0.102262476,0,0,0,0.074314218,0,0,0,0,0,0,0,0,0,Fidaxomicin
6,CD-DP,0.0234375,48,"['CD', 'DP']",0.074209085,0,0.062568008,0,0,0,0,0,0,0,0,0,0,0,Fidaxomicin
9,CD-BT,0.046875,48,"['CD', 'BT']",0.000635839,0,0,0,0,0,0,0,0,0,0.352339491,0,0,0,Fidaxomicin
10,CD-BO,0.375,48,"['CD', 'BO']",0.000790702,0,0,0,0,0,0,0,0,0.384478691,0,0,0,0,Fidaxomicin
11,CD-BH,0.375,48,"['CD', 'BH']",0,0,0,0,0,0,0,0,0,0,0,0,0,0,Fidaxomicin
12,CD-BO,0.1875,48,"['CD', 'BO']",0.000882285,0,0,0,0,0,0,0,0,0.447847629,0,0,0,0,Fidaxomicin
14,CD-BO,0.09375,48,"['CD', 'BO']",0.000767139,0,0,0,0,0,0,0,0,0.317829162,0,0,0,0,Fidaxomicin
15,CD-FP,0.0234375,48,"['CD', 'FP']",0.160492855,0,0,0.09741936,0,0,0,0,0,0,0,0,0,0,Fidaxomicin
16,CD-BT,0.0234375,48,"['CD', 'BT']",0.001692571,0,0,0,0,0,0,0,0,0,0.477695564,0,0,0,Fidaxomicin
18,CD-BO,0.046875,48,"['CD', 'BO']",0.000997709,0,0,0,0,0,0,0,0,0.277913637,0,0,0,0,Fidaxomicin
19,CD-BT,0.09375,48,"['CD', 'BT']",0.000673947,0,0,0,0,0,0,0,0,0,0.340779459,0,0,0,Fidaxomicin
20,CD-BH,0.1875,48,"['CD', 'BH']",0,0,0,0,0,0,0,0,0,0,0,0,0,0,Fidaxomicin
21,CD-BO,0.0234375,48,"['CD', 'BO']",0.001252613,0,0,0,0,0,0,0,0,0.415078963,0,0,0,0,Fidaxomicin
22,CD-FP,0.01171875,48,"['CD', 'FP']",0.158648562,0,0,0.092275699,0,0,0,0,0,0,0,0,0,0,Fidaxomicin
23,CD-BO,0.01171875,48,"['CD', 'BO']",0.00318914,0,0,0,0,0,0,0,0,0.306700261,0,0,0,0,Fidaxomicin
25,CD-FP,0.1875,48,"['CD', 'FP']",8.86E-05,0,0,0.000901999,0,0,0,0,0,0,0,0,0,0,Fidaxomicin
26,CD-BT,0.375,48,"['CD', 'BT']",0.009844874,0,0,0,0,0,0,0,0,0,0.5069204,0,0,0,Fidaxomicin
27,CD-BT,0.01171875,48,"['CD', 'BT']",0.001768133,0,0,0,0,0,0,0,0,0,0.362132783,0,0,0,Fidaxomicin
28,CD-BH,0.01171875,48,"['CD', 'BH']",0.148950909,0,0,0,0.057883455,0,0,0,0,0,0,0,0,0,Fidaxomicin
29,CD-BV,0.0234375,48,"['CD', 'BV']",0.007504717,0,0,0,0,0,0,0,0,0,0,0,0.435584437,0,Fidaxomicin
30,CD-PC,0.01171875,48,"['CD', 'PC']",0.001924307,0,0,0,0,0,0.546503246,0,0,0,0,0,0,0,Fidaxomicin
31,CD-BU,0.375,48,"['CD', 'BU']",0.000586755,0,0,0,0,0,0,0,0,0,0,0.353000815,0,0,Fidaxomicin
32,CD-BU,0.1875,48,"['CD', 'BU']",0.000968627,0,0,0,0,0,0,0,0,0,0,0.358133596,0,0,Fidaxomicin
33,CD-CA,0.01171875,48,"['CD', 'CA']",0.09963442,0,0,0,0,0.235530117,0,0,0,0,0,0,0,0,Fidaxomicin
34,CD-BU,0.09375,48,"['CD', 'BU']",0.000785147,0,0,0,0,0,0,0,0,0,0,0.284718971,0,0,Fidaxomicin
35,CD-PC,0.046875,48,"['CD', 'PC']",0.000492955,0,0,0,0,0,0.295378409,0,0,0,0,0,0,0,Fidaxomicin
36,CD-BU,0.046875,48,"['CD', 'BU']",0.00421946,0,0,0,0,0,0,0,0,0,0,0.353460914,0,0,Fidaxomicin
37,CD-BV,0.375,48,"['CD', 'BV']",0.00068572,0,0,0,0,0,0,0,0,0,0,0,0.425831925,0,Fidaxomicin
38,CD-PC,0.375,48,"['CD', 'PC']",0.000411517,0,0,0,0,0,0.292412119,0,0,0,0,0,0,0,Fidaxomicin
39,CD-BU,0.0234375,48,"['CD', 'BU']",0.010711111,0,0,0,0,0,0,0,0,0,0,0.373827427,0,0,Fidaxomicin
40,CD-BV,0.01171875,48,"['CD', 'BV']",0.009171086,0,0,0,0,0,0,0,0,0,0,0,0.32471267,0,Fidaxomicin
41,CD-PC,0.0234375,48,"['CD', 'PC']",0.000914124,0,0,0,0,0,0.469153467,0,0,0,0,0,0,0,Fidaxomicin
42,CD-BU,0.01171875,48,"['CD', 'BU']",0.014369304,0,0,0,0,0,0,0,0,0,0,0.323453615,0,0,Fidaxomicin
43,CD-BV,0.1875,48,"['CD', 'BV']",0.001166721,0,0,0,0,0,0,0,0,0,0,0,0.431281098,0,Fidaxomicin
44,CD-PC,0.1875,48,"['CD', 'PC']",0.00063163,0,0,0,0,0,0.388649939,0,0,0,0,0,0,0,Fidaxomicin
45,CD-CS,0.375,48,"['CD', 'CS']",0.000114961,0,0,0,0,0,0,0,0,0,0,0,0,0.057262047,Fidaxomicin
46,CD-CA,0.375,48,"['CD', 'CA']",0,0,0,0,0,0,0,0,0,0,0,0,0,0,Fidaxomicin
47,CD-BV,0.09375,48,"['CD', 'BV']",0.000497539,0,0,0,0,0,0,0,0,0,0,0,0.302503446,0,Fidaxomicin
48,CD-CA,0.1875,48,"['CD', 'CA']",0,0,0,0,0,0,0,0,0,0,0,0,0,0,Fidaxomicin
49,CD-CA,0.09375,48,"['CD', 'CA']",0.128579601,0,0,0,0,0.00694624,0,0,0,0,0,0,0,0,Fidaxomicin
50,CD-CA,0.046875,48,"['CD', 'CA']",0.140835327,0,0,0,0,0.50248758,0,0,0,0,0,0,0,0,Fidaxomicin
51,CD-CA,0.0234375,48,"['CD', 'CA']",0.107949604,0,0,0,0,0.096532344,0,0,0,0,0,0,0,0,Fidaxomicin
52,CD-BV,0.046875,48,"['CD', 'BV']",0.001189729,0,0,0,0,0,0,0,0,0,0,0,0.41308207,0,Fidaxomicin
53,CD-PC,0.09375,48,"['CD', 'PC']",0.000527484,0,0,0,0,0,0.371224289,0,0,0,0,0,0,0,Fidaxomicin
54,CD-CS,0.1875,48,"['CD', 'CS']",0.000182518,0,0,0,0,0,0,0,0,0,0,0,0,0.13773452,Fidaxomicin
55,CD-EL,0.375,48,"['CD', 'EL']",0,0,0,0,0,0,0,0,0,0,0,0,0,0,Fidaxomicin
56,CD,0.1875,48,['CD'],0.001759739,0,0,0,0,0,0,0,0,0,0,0,0,0,Fidaxomicin
58,CD-CS,0.046875,48,"['CD', 'CS']",0.007324097,0,0,0,0,0,0,0,0,0,0,0,0,0.272757464,Fidaxomicin
59,CD,0.1875,48,['CD'],0.009985237,0,0,0,0,0,0,0,0,0,0,0,0,0,Fidaxomicin
60,CD-CS,0.0234375,48,"['CD', 'CS']",0.054784906,0,0,0,0,0,0,0,0,0,0,0,0,0.182815933,Fidaxomicin
61,CD-EL,0.01171875,48,"['CD', 'EL']",0.198444111,0,0,0,0,0,0,0.009390804,0,0,0,0,0,0,Fidaxomicin
62,CD-CS,0.01171875,48,"['CD', 'CS']",0.050640195,0,0,0,0,0,0,0,0,0,0,0,0,0.067044766,Fidaxomicin
63,CD,0.09375,48,['CD'],0.129568756,0,0,0,0,0,0,0,0,0,0,0,0,0,Fidaxomicin
64,CD-EL,0.09375,48,"['CD', 'EL']",0.239870225,0,0,0,0,0,0,0.000137349,0,0,0,0,0,0,Fidaxomicin
66,CD-EL,0.1875,48,"['CD', 'EL']",0,0,0,0,0,0,0,0,0,0,0,0,0,0,Fidaxomicin
67,CD,0.375,48,['CD'],0.000147107,0,0,0,0,0,0,0,0,0,0,0,0,0,Fidaxomicin
69,CD,0.046875,48,['CD'],0.187835935,0,0,0,0,0,0,0,0,0,0,0,0,0,Fidaxomicin
70,CD-EL,0.046875,48,"['CD', 'EL']",0.177756349,0,0,0,0,0,0,0.00021361,0,0,0,0,0,0,Fidaxomicin
71,CD,0.09375,48,['CD'],0.141470055,0,0,0,0,0,0,0,0,0,0,0,0,0,Fidaxomicin
72,CD-ER,0.09375,48,"['CD', 'ER']",0.135768385,0.00834433,0,0,0,0,0,0,0,0,0,0,0,0,Fidaxomicin
73,CD,0.0234375,48,['CD'],0.152142072,0,0,0,0,0,0,0,0,0,0,0,0,0,Fidaxomicin
74,CD-ER,0.046875,48,"['CD', 'ER']",0.071840928,0.059547374,0,0,0,0,0,0,0,0,0,0,0,0,Fidaxomicin
75,CD-ER,0.0234375,48,"['CD', 'ER']",0.064808705,0.039977821,0,0,0,0,0,0,0,0,0,0,0,0,Fidaxomicin
76,CD-ER,0.01171875,48,"['CD', 'ER']",0.088984263,0.043560119,0,0,0,0,0,0,0,0,0,0,0,0,Fidaxomicin
77,CD,0.375,48,['CD'],0.001165535,0,0,0,0,0,0,0,0,0,0,0,0,0,Fidaxomicin
78,CD,0.01171875,48,['CD'],0.10277694,0,0,0,0,0,0,0,0,0,0,0,0,0,Fidaxomicin
79,CD-EL,0.0234375,48,"['CD', 'EL']",0.198983446,0,0,0,0,0,0,0.011632158,0,0,0,0,0,0,Fidaxomicin
80,CD,0.046875,48,['CD'],0.178327094,0,0,0,0,0,0,0,0,0,0,0,0,0,Fidaxomicin
81,CD,0.0234375,48,['CD'],0.135258368,0,0,0,0,0,0,0,0,0,0,0,0,0,Fidaxomicin
82,CD,0.01171875,48,['CD'],0.103774035,0,0,0,0,0,0,0,0,0,0,0,0,0,Fidaxomicin
83,CD-CH,0.375,48,"['CD', 'CH']",0,0,0,0,0,0,0,0,0,0,0,0,0,0,Fidaxomicin
84,CD-CH,0.1875,48,"['CD', 'CH']",5.92E-05,0,0,0,0,0,0,0,0.00013571,0,0,0,0,0,Fidaxomicin
85,CD-CH,0.09375,48,"['CD', 'CH']",0.221571215,0,0,0,0,0,0,0,0.009950352,0,0,0,0,0,Fidaxomicin
86,CD-CH,0.046875,48,"['CD', 'CH']",0.174762433,0,0,0,0,0,0,0,0.019896101,0,0,0,0,0,Fidaxomicin
87,CD-CH,0.0234375,48,"['CD', 'CH']",0.007177745,0,0,0,0,0,0,0,0.207108247,0,0,0,0,0,Fidaxomicin
88,CD-CH,0.01171875,48,"['CD', 'CH']",0.009199582,0,0,0,0,0,0,0,0.220549458,0,0,0,0,0,Fidaxomicin
89,CD-FP,0.1875,48,"['CD', 'FP']",0.004321446,0,0,0.009878554,0,0,0,0,0,0,0,0,0,0,Fidaxomicin
90,CD-BT,0.09375,48,"['CD', 'BT']",0.00057473,0,0,0,0,0,0,0,0,0,0.512658964,0,0,0,Fidaxomicin
91,CD-BO,0.09375,48,"['CD', 'BO']",0.000571758,0,0,0,0,0,0,0,0,0.429390313,0,0,0,0,Fidaxomicin
92,CD-BT,0.375,48,"['CD', 'BT']",0,0,0,0,0,0,0,0,0,0,0.490907358,0,0,0,Fidaxomicin
93,CD-DP,0.375,48,"['CD', 'DP']",0.00045499,0,0.072133344,0,0,0,0,0,0,0,0,0,0,0,Fidaxomicin
94,CD-BO,0.046875,48,"['CD', 'BO']",0.001208095,0,0,0,0,0,0,0,0,0.39366643,0,0,0,0,Fidaxomicin
96,CD-DP,0.1875,48,"['CD', 'DP']",0.02547387,0,0.054865236,0,0,0,0,0,0,0,0,0,0,0,Fidaxomicin
98,CD-BT,0.1875,48,"['CD', 'BT']",0.000398038,0,0,0,0,0,0,0,0,0,0.486004904,0,0,0,Fidaxomicin
99,CD-DP,0.09375,48,"['CD', 'DP']",0.130616352,0,0.080528302,0,0,0,0,0,0,0,0,0,0,0,Fidaxomicin
100,CD-BO,0.0234375,48,"['CD', 'BO']",0.001890827,0,0,0,0,0,0,0,0,0.368361146,0,0,0,0,Fidaxomicin
101,CD-FP,0.0234375,48,"['CD', 'FP']",0.168605371,0,0,0.070609686,0,0,0,0,0,0,0,0,0,0,Fidaxomicin
102,CD-BT,0.046875,48,"['CD', 'BT']",0.000746604,0,0,0,0,0,0,0,0,0,0.504256113,0,0,0,Fidaxomicin
103,CD-DP,0.046875,48,"['CD', 'DP']",0.1163632,0,0.082032654,0,0,0,0,0,0,0,0,0,0,0,Fidaxomicin
104,CD-BO,0.01171875,48,"['CD', 'BO']",0.004018921,0,0,0,0,0,0,0,0,0.35911929,0,0,0,0,Fidaxomicin
105,CD-DP,0.0234375,48,"['CD', 'DP']",0.142764767,0,0.059752359,0,0,0,0,0,0,0,0,0,0,0,Fidaxomicin
107,CD-BO,0.375,48,"['CD', 'BO']",0.001016233,0,0,0,0,0,0,0,0,0.403516998,0,0,0,0,Fidaxomicin
108,CD-BO,0.1875,48,"['CD', 'BO']",0.0011966,0,0,0,0,0,0,0,0,0.417337335,0,0,0,0,Fidaxomicin
110,CD-FP,0.01171875,48,"['CD', 'FP']",0.168096377,0,0,0.078660094,0,0,0,0,0,0,0,0,0,0,Fidaxomicin
111,CD-BT,0.0234375,48,"['CD', 'BT']",0.000842018,0,0,0,0,0,0,0,0,0,0.506052771,0,0,0,Fidaxomicin
112,CD-CA,0.046875,48,"['CD', 'CA']",0.091629366,0,0,0,0,0.236321547,0,0,0,0,0,0,0,0,Fidaxomicin
113,CD-BV,0.0234375,48,"['CD', 'BV']",0.055537754,0,0,0,0,0,0,0,0,0,0,0,0.362947406,0,Fidaxomicin
114,CD-BT,0.01171875,48,"['CD', 'BT']",0.001493462,0,0,0,0,0,0,0,0,0,0.462973125,0,0,0,Fidaxomicin
116,CD-BU,0.0234375,48,"['CD', 'BU']",0.015435458,0,0,0,0,0,0,0,0,0,0,0.385476662,0,0,Fidaxomicin
118,CD-BV,0.09375,48,"['CD', 'BV']",0.005971012,0,0,0,0,0,0,0,0,0,0,0,0.413990148,0,Fidaxomicin
119,CD-BH,0.09375,48,"['CD', 'BH']",0.245650267,0,0,0,0.018835803,0,0,0,0,0,0,0,0,0,Fidaxomicin
120,CD-BU,0.01171875,48,"['CD', 'BU']",0.019620879,0,0,0,0,0,0,0,0,0,0,0.432363219,0,0,Fidaxomicin
121,CD-CA,0.01171875,48,"['CD', 'CA']",0.07545746,0,0,0,0,0.215695454,0,0,0,0,0,0,0,0,Fidaxomicin
122,CD-BH,0.046875,48,"['CD', 'BH']",0.179471883,0,0,0,0.062821492,0,0,0,0,0,0,0,0,0,Fidaxomicin
123,CD-CA,0.0234375,48,"['CD', 'CA']",0.108143273,0,0,0,0,0.072615189,0,0,0,0,0,0,0,0,Fidaxomicin
124,CD-BV,0.046875,48,"['CD', 'BV']",0.035973318,0,0,0,0,0,0,0,0,0,0,0,0.417357723,0,Fidaxomicin
126,CD-CA,0.375,48,"['CD', 'CA']",0,0,0,0,0,0,0,0,0,0,0,0,0,0,Fidaxomicin
127,CD-BV,0.375,48,"['CD', 'BV']",0.00562183,0,0,0,0,0,0,0,0,0,0,0,0.427193728,0,Fidaxomicin
128,CD-BV,0.01171875,48,"['CD', 'BV']",0.063490598,0,0,0,0,0,0,0,0,0,0,0,0.390013675,0,Fidaxomicin
129,CD-BH,0.01171875,48,"['CD', 'BH']",0.191750651,0,0,0,0.043900967,0,0,0,0,0,0,0,0,0,Fidaxomicin
130,CD-CA,0.1875,48,"['CD', 'CA']",0,0,0,0,0,0,0,0,0,0,0,0,0,0,Fidaxomicin
131,CD-BU,0.375,48,"['CD', 'BU']",0.000802235,0,0,0,0,0,0,0,0,0,0,0.348383836,0,0,Fidaxomicin
132,CD-BU,0.1875,48,"['CD', 'BU']",0.000804359,0,0,0,0,0,0,0,0,0,0,0.34690837,0,0,Fidaxomicin
133,CD-BU,0.09375,48,"['CD', 'BU']",0.002514286,0,0,0,0,0,0,0,0,0,0,0.355580952,0,0,Fidaxomicin
134,CD-BU,0.046875,48,"['CD', 'BU']",0.017641365,0,0,0,0,0,0,0,0,0,0,0.388541804,0,0,Fidaxomicin
135,CD-CA,0.09375,48,"['CD', 'CA']",0.197816465,0,0,0,0,0.000757417,0,0,0,0,0,0,0,0,Fidaxomicin
136,CD-BV,0.1875,48,"['CD', 'BV']",0.005334294,0,0,0,0,0,0,0,0,0,0,0,0.414633196,0,Fidaxomicin
137,CD-PC,0.375,48,"['CD', 'PC']",0.00052625,0,0,0,0,0,0.380347499,0,0,0,0,0,0,0,Fidaxomicin
138,CD-ER,0.01171875,48,"['CD', 'ER']",0.115581665,0.042671346,0,0,0,0,0,0,0,0,0,0,0,0,Fidaxomicin
139,CD-EL,0.375,48,"['CD', 'EL']",0,0,0,0,0,0,0,0,0,0,0,0,0,0,Fidaxomicin
140,CD-PC,0.1875,48,"['CD', 'PC']",0.000677655,0,0,0,0,0,0.383383517,0,0,0,0,0,0,0,Fidaxomicin
141,CD-PC,0.09375,48,"['CD', 'PC']",0.003046503,0,0,0,0,0,0.412801172,0,0,0,0,0,0,0,Fidaxomicin
143,CD-PC,0.046875,48,"['CD', 'PC']",0.006160544,0,0,0,0,0,0.44581805,0,0,0,0,0,0,0,Fidaxomicin
144,CD,0.0234375,48,['CD'],0.15654076,0,0,0,0,0,0,0,0,0,0,0,0,0,Fidaxomicin
145,CD-PC,0.0234375,48,"['CD', 'PC']",0.011535598,0,0,0,0,0,0.51352017,0,0,0,0,0,0,0,Fidaxomicin
147,CD,0.1875,48,['CD'],0,0,0,0,0,0,0,0,0,0,0,0,0,0,Fidaxomicin
148,CD-PC,0.01171875,48,"['CD', 'PC']",0.007947404,0,0,0,0,0,0.622260265,0,0,0,0,0,0,0,Fidaxomicin
149,CD,0.375,48,['CD'],0,0,0,0,0,0,0,0,0,0,0,0,0,0,Fidaxomicin
150,CD,0.01171875,48,['CD'],0.165313877,0,0,0,0,0,0,0,0,0,0,0,0,0,Fidaxomicin
151,CD-CS,0.375,48,"['CD', 'CS']",0.000180008,0,0,0,0,0,0,0,0,0,0,0,0,0.057197491,Fidaxomicin
152,CD-ER,0.09375,48,"['CD', 'ER']",0.206040723,0.004025106,0,0,0,0,0,0,0,0,0,0,0,0,Fidaxomicin
153,CD,0.09375,48,['CD'],0.196501231,0,0,0,0,0,0,0,0,0,0,0,0,0,Fidaxomicin
154,CD-EL,0.1875,48,"['CD', 'EL']",0,0,0,0,0,0,0,0,0,0,0,0,0,0,Fidaxomicin
155,CD-CS,0.1875,48,"['CD', 'CS']",0.000150842,0,0,0,0,0,0,0,0,0,0,0,0,0.174373737,Fidaxomicin
156,CD-ER,0.046875,48,"['CD', 'ER']",0.086393898,0.049272678,0,0,0,0,0,0,0,0,0,0,0,0,Fidaxomicin
157,CD-CS,0.09375,48,"['CD', 'CS']",0.016391072,0,0,0,0,0,0,0,0,0,0,0,0,0.249350801,Fidaxomicin
158,CD-CS,0.046875,48,"['CD', 'CS']",0.024953928,0,0,0,0,0,0,0,0,0,0,0,0,0.251704237,Fidaxomicin
159,CD-CS,0.0234375,48,"['CD', 'CS']",0.076364228,0,0,0,0,0,0,0,0,0,0,0,0,0.159443902,Fidaxomicin
160,CD-CS,0.01171875,48,"['CD', 'CS']",0.087819135,0,0,0,0,0,0,0,0,0,0,0,0,0.087010488,Fidaxomicin
161,CD-ER,0.0234375,48,"['CD', 'ER']",0.100539901,0.04013399,0,0,0,0,0,0,0,0,0,0,0,0,Fidaxomicin
162,CD,0.046875,48,['CD'],0.151471498,0,0,0,0,0,0,0,0,0,0,0,0,0,Fidaxomicin
163,CD-EL,0.09375,48,"['CD', 'EL']",0.277286328,0,0,0,0,0,0,0.000156836,0,0,0,0,0,0,Fidaxomicin
164,CD-EL,0.046875,48,"['CD', 'EL']",0.168068878,0,0,0,0,0,0,0.010160077,0,0,0,0,0,0,Fidaxomicin
165,CD-EL,0.0234375,48,"['CD', 'EL']",0.213359183,0,0,0,0,0,0,0.031490326,0,0,0,0,0,0,Fidaxomicin
166,CD-CH,0.09375,48,"['CD', 'CH']",0.221133085,0,0,0,0,0,0,0,0.00243823,0,0,0,0,0,Fidaxomicin
167,CD-EL,0.01171875,48,"['CD', 'EL']",0.192348036,0,0,0,0,0,0,0.031190746,0,0,0,0,0,0,Fidaxomicin
168,CD,0.375,48,['CD'],0,0,0,0,0,0,0,0,0,0,0,0,0,0,Fidaxomicin
169,CD-CH,0.046875,48,"['CD', 'CH']",0.161228643,0,0,0,0,0,0,0,0.011641526,0,0,0,0,0,Fidaxomicin
170,CD,0.1875,48,['CD'],0,0,0,0,0,0,0,0,0,0,0,0,0,0,Fidaxomicin
171,CD,0.09375,48,['CD'],0.169941227,0,0,0,0,0,0,0,0,0,0,0,0,0,Fidaxomicin
172,CD-CH,0.0234375,48,"['CD', 'CH']",0.056939826,0,0,0,0,0,0,0,0.148790521,0,0,0,0,0,Fidaxomicin
173,CD,0.046875,48,['CD'],0.167895587,0,0,0,0,0,0,0,0,0,0,0,0,0,Fidaxomicin
174,CD-CH,0.01171875,48,"['CD', 'CH']",0.049662394,0,0,0,0,0,0,0,0.219966117,0,0,0,0,0,Fidaxomicin
175,CD,0.0234375,48,['CD'],0.148105665,0,0,0,0,0,0,0,0,0,0,0,0,0,Fidaxomicin
176,CD,0.01171875,48,['CD'],0.166373663,0,0,0,0,0,0,0,0,0,0,0,0,0,Fidaxomicin
177,CD-CH,0.375,48,"['CD', 'CH']",0.000293763,0,0,0,0,0,0,0,0.001702213,0,0,0,0,0,Fidaxomicin
178,CD-CH,0.1875,48,"['CD', 'CH']",0.004464804,0,0,0,0,0,0,0,0.002917478,0,0,0,0,0,Fidaxomicin
179,CD-DP,0.09375,48,"['CD', 'DP']",0.136266124,0,0.090869282,0,0,0,0,0,0,0,0,0,0,0,Fidaxomicin
180,CD-DP,0.0234375,48,"['CD', 'DP']",0.210085131,0,0.113722553,0,0,0,0,0,0,0,0,0,0,0,Fidaxomicin
181,CD-DP,0.1875,48,"['CD', 'DP']",0.015410714,0,0.065571429,0,0,0,0,0,0,0,0,0,0,0,Fidaxomicin
182,CD-DP,0.375,48,"['CD', 'DP']",0.000665373,0,0.079323538,0,0,0,0,0,0,0,0,0,0,0,Fidaxomicin
184,CD-DP,0.046875,48,"['CD', 'DP']",0.152927193,0,0.092185312,0,0,0,0,0,0,0,0,0,0,0,Fidaxomicin
186,CD-BO,0.375,48,"['CD', 'BO']",0.00103685,0,0,0,0,0,0,0,0,0.498253391,0,0,0,0,Fidaxomicin
187,CD-BO,0.1875,48,"['CD', 'BO']",0.00121008,0,0,0,0,0,0,0,0,0.503897556,0,0,0,0,Fidaxomicin
189,CD-BO,0.09375,48,"['CD', 'BO']",0.001489324,0,0,0,0,0,0,0,0,0.503639595,0,0,0,0,Fidaxomicin
192,CD-BO,0.046875,48,"['CD', 'BO']",0.0012562,0,0,0,0,0,0,0,0,0.479972973,0,0,0,0,Fidaxomicin
193,CD-FP,0.01171875,48,"['CD', 'FP']",0.170015753,0,0,0.06265137,0,0,0,0,0,0,0,0,0,0,Fidaxomicin
194,CD-BH,0.375,48,"['CD', 'BH']",0,0,0,0,0,0,0,0,0,0,0,0,0,0,Fidaxomicin
195,CD-BO,0.0234375,48,"['CD', 'BO']",0.00117264,0,0,0,0,0,0,0,0,0.4504892,0,0,0,0,Fidaxomicin
197,CD-BU,0.375,48,"['CD', 'BU']",0.000515556,0,0,0,0,0,0,0,0,0,0,0.370168889,0,0,Fidaxomicin
198,CD-BO,0.01171875,48,"['CD', 'BO']",0.004862266,0,0,0,0,0,0,0,0,0.445792991,0,0,0,0,Fidaxomicin
199,CD-BT,0.375,48,"['CD', 'BT']",0.001464507,0,0,0,0,0,0,0,0,0,0.579526278,0,0,0,Fidaxomicin
200,CD-BH,0.1875,48,"['CD', 'BH']",0,0,0,0,0,0,0,0,0,0,0,0,0,0,Fidaxomicin
202,CD-BT,0.1875,48,"['CD', 'BT']",0.000654381,0,0,0,0,0,0,0,0,0,0.578254983,0,0,0,Fidaxomicin
203,CD-FP,0.1875,48,"['CD', 'FP']",0.000938512,0,0,0.015250823,0,0,0,0,0,0,0,0,0,0,Fidaxomicin
204,CD-BH,0.046875,48,"['CD', 'BH']",0.178723824,0,0,0,0.069991246,0,0,0,0,0,0,0,0,0,Fidaxomicin
208,CD-BU,0.1875,48,"['CD', 'BU']",0.000797124,0,0,0,0,0,0,0,0,0,0,0.387202876,0,0,Fidaxomicin
209,CD-BT,0.01171875,48,"['CD', 'BT']",0.001204232,0,0,0,0,0,0,0,0,0,0.595492594,0,0,0,Fidaxomicin
210,CD-BH,0.01171875,48,"['CD', 'BH']",0.176239334,0,0,0,0.048516863,0,0,0,0,0,0,0,0,0,Fidaxomicin
211,CD-CA,0.01171875,48,"['CD', 'CA']",0.149537324,0,0,0,0,0.209122915,0,0,0,0,0,0,0,0,Fidaxomicin
212,CD-BU,0.09375,48,"['CD', 'BU']",0.001067262,0,0,0,0,0,0,0,0,0,0,0.374456505,0,0,Fidaxomicin
213,CD-BU,0.046875,48,"['CD', 'BU']",0.003821116,0,0,0,0,0,0,0,0,0,0,0.374915198,0,0,Fidaxomicin
214,CD-BV,0.375,48,"['CD', 'BV']",0.002639891,0,0,0,0,0,0,0,0,0,0,0,0.543900136,0,Fidaxomicin
215,CD-BU,0.0234375,48,"['CD', 'BU']",0.022278117,0,0,0,0,0,0,0,0,0,0,0.42022365,0,0,Fidaxomicin
216,CD-BV,0.01171875,48,"['CD', 'BV']",0.045841436,0,0,0,0,0,0,0,0,0,0,0,0.45038511,0,Fidaxomicin
217,CD-CS,0.375,48,"['CD', 'CS']",0.000155206,0,0,0,0,0,0,0,0,0,0,0,0,0.033044794,Fidaxomicin
218,CD-BU,0.01171875,48,"['CD', 'BU']",0.043871672,0,0,0,0,0,0,0,0,0,0,0.489443345,0,0,Fidaxomicin
219,CD-BV,0.1875,48,"['CD', 'BV']",0.00301099,0,0,0,0,0,0,0,0,0,0,0,0.535203539,0,Fidaxomicin
220,CD-PC,0.09375,48,"['CD', 'PC']",0.000809465,0,0,0,0,0,0.392320713,0,0,0,0,0,0,0,Fidaxomicin
221,CD-CA,0.375,48,"['CD', 'CA']",0,0,0,0,0,0,0,0,0,0,0,0,0,0,Fidaxomicin
222,CD-PC,0.375,48,"['CD', 'PC']",0.000581448,0,0,0,0,0,0.399018552,0,0,0,0,0,0,0,Fidaxomicin
223,CD-CS,0.09375,48,"['CD', 'CS']",0.000391676,0,0,0,0,0,0,0,0,0,0,0,0,0.219651654,Fidaxomicin
224,CD-CA,0.1875,48,"['CD', 'CA']",0,0,0,0,0,0,0,0,0,0,0,0,0,0,Fidaxomicin
225,CD-BV,0.09375,48,"['CD', 'BV']",0.002006312,0,0,0,0,0,0,0,0,0,0,0,0.506510092,0,Fidaxomicin
226,CD-PC,0.046875,48,"['CD', 'PC']",0.000800463,0,0,0,0,0,0.413999537,0,0,0,0,0,0,0,Fidaxomicin
227,CD-CA,0.09375,48,"['CD', 'CA']",0.273987875,0,0,0,0,0.140548802,0,0,0,0,0,0,0,0,Fidaxomicin
228,CD-BV,0.046875,48,"['CD', 'BV']",0.003457027,0,0,0,0,0,0,0,0,0,0,0,0.516719664,0,Fidaxomicin
229,CD-CA,0.046875,48,"['CD', 'CA']",0.142131018,0,0,0,0,0.275542341,0,0,0,0,0,0,0,0,Fidaxomicin
231,CD-CA,0.0234375,48,"['CD', 'CA']",0.127169281,0,0,0,0,0.112128079,0,0,0,0,0,0,0,0,Fidaxomicin
232,CD-BV,0.0234375,48,"['CD', 'BV']",0.005662535,0,0,0,0,0,0,0,0,0,0,0,0.499898202,0,Fidaxomicin
233,CD-PC,0.0234375,48,"['CD', 'PC']",0.005368198,0,0,0,0,0,0.458533569,0,0,0,0,0,0,0,Fidaxomicin
234,CD-CS,0.046875,48,"['CD', 'CS']",0.007346149,0,0,0,0,0,0,0,0,0,0,0,0,0.283364264,Fidaxomicin
235,CD-PC,0.1875,48,"['CD', 'PC']",0.000722722,0,0,0,0,0,0.400388189,0,0,0,0,0,0,0,Fidaxomicin
236,CD-CS,0.1875,48,"['CD', 'CS']",0.000251178,0,0,0,0,0,0,0,0,0,0,0,0,0.074293004,Fidaxomicin
237,CD,0.1875,48,['CD'],0,0,0,0,0,0,0,0,0,0,0,0,0,0,Fidaxomicin
238,CD-CS,0.0234375,48,"['CD', 'CS']",0.054685307,0,0,0,0,0,0,0,0,0,0,0,0,0.197154922,Fidaxomicin
239,CD-CS,0.01171875,48,"['CD', 'CS']",0.094521939,0,0,0,0,0,0,0,0,0,0,0,0,0.110909121,Fidaxomicin
240,CD,0.09375,48,['CD'],0.132767507,0,0,0,0,0,0,0,0,0,0,0,0,0,Fidaxomicin
242,CD-EL,0.1875,48,"['CD', 'EL']",0,0,0,0,0,0,0,0,0,0,0,0,0,0,Fidaxomicin
243,CD,0.09375,48,['CD'],0.144576853,0,0,0,0,0,0,0,0,0,0,0,0,0,Fidaxomicin
245,CD,0.046875,48,['CD'],0.199359447,0,0,0,0,0,0,0,0,0,0,0,0,0,Fidaxomicin
246,CD-EL,0.0234375,48,"['CD', 'EL']",0.199857194,0,0,0,0,0,0,9.52E-05,0,0,0,0,0,0,Fidaxomicin
248,CD-EL,0.09375,48,"['CD', 'EL']",0.29396697,0,0,0,0,0,0,0.000155353,0,0,0,0,0,0,Fidaxomicin
249,CD,0.0234375,48,['CD'],0.190549947,0,0,0,0,0,0,0,0,0,0,0,0,0,Fidaxomicin
250,CD-ER,0.046875,48,"['CD', 'ER']",0.150708787,0.133988585,0,0,0,0,0,0,0,0,0,0,0,0,Fidaxomicin
251,CD,0.0234375,48,['CD'],0.191319121,0,0,0,0,0,0,0,0,0,0,0,0,0,Fidaxomicin
252,CD-EL,0.01171875,48,"['CD', 'EL']",0.236652827,0,0,0,0,0,0,0.046595642,0,0,0,0,0,0,Fidaxomicin
254,CD,0.01171875,48,['CD'],0.182897536,0,0,0,0,0,0,0,0,0,0,0,0,0,Fidaxomicin
255,CD-ER,0.01171875,48,"['CD', 'ER']",0.080161629,0.057841344,0,0,0,0,0,0,0,0,0,0,0,0,Fidaxomicin
256,CD,0.1875,48,['CD'],0.002693333,0,0,0,0,0,0,0,0,0,0,0,0,0,Fidaxomicin
257,CD,0.375,48,['CD'],0.001932203,0,0,0,0,0,0,0,0,0,0,0,0,0,Fidaxomicin
258,CD-EL,0.375,48,"['CD', 'EL']",0,0,0,0,0,0,0,0,0,0,0,0,0,0,Fidaxomicin
259,CD,0.375,48,['CD'],0.0012,0,0,0,0,0,0,0,0,0,0,0,0,0,Fidaxomicin
260,CD,0.01171875,48,['CD'],0.181569864,0,0,0,0,0,0,0,0,0,0,0,0,0,Fidaxomicin
261,CD-EL,0.046875,48,"['CD', 'EL']",0.233456885,0,0,0,0,0,0,3.58E-05,0,0,0,0,0,0,Fidaxomicin
262,CD,0.046875,48,['CD'],0.199117709,0,0,0,0,0,0,0,0,0,0,0,0,0,Fidaxomicin
263,CD-CH,0.375,48,"['CD', 'CH']",0.000286858,0,0,0,0,0,0,0,0.001306179,0,0,0,0,0,Fidaxomicin
264,CD-CH,0.1875,48,"['CD', 'CH']",0.000131387,0,0,0,0,0,0,0,0.000862357,0,0,0,0,0,Fidaxomicin
265,CD-CH,0.09375,48,"['CD', 'CH']",0.15256583,0,0,0,0,0,0,0,0.001731127,0,0,0,0,0,Fidaxomicin
266,CD-CH,0.046875,48,"['CD', 'CH']",0.226561198,0,0,0,0,0,0,0,0.005068711,0,0,0,0,0,Fidaxomicin
267,CD-CH,0.0234375,48,"['CD', 'CH']",0.036024466,0,0,0,0,0,0,0,0.181812233,0,0,0,0,0,Fidaxomicin
268,CD-CH,0.01171875,48,"['CD', 'CH']",0.042146259,0,0,0,0,0,0,0,0.202812556,0,0,0,0,0,Fidaxomicin
270,CD-BO,0.375,48,"['CD', 'BO']",0.000683305,0,0,0,0,0,0,0,0,0.416132478,0,0,0,0,Fidaxomicin
271,CD-BO,0.1875,48,"['CD', 'BO']",0.000848531,0,0,0,0,0,0,0,0,0.44910423,0,0,0,0,Fidaxomicin
272,CD-DP,0.375,48,"['CD', 'DP']",0.000295681,0,0.070845183,0,0,0,0,0,0,0,0,0,0,0,Fidaxomicin
273,CD-BO,0.09375,48,"['CD', 'BO']",0.000423223,0,0,0,0,0,0,0,0,0.44260662,0,0,0,0,Fidaxomicin
275,CD-BO,0.046875,48,"['CD', 'BO']",0.000700314,0,0,0,0,0,0,0,0,0.424157128,0,0,0,0,Fidaxomicin
276,CD-DP,0.09375,48,"['CD', 'DP']",0.106104182,0,0.101993387,0,0,0,0,0,0,0,0,0,0,0,Fidaxomicin
277,CD-DP,0.046875,48,"['CD', 'DP']",0.115049323,0,0.109505369,0,0,0,0,0,0,0,0,0,0,0,Fidaxomicin
278,CD-BO,0.0234375,48,"['CD', 'BO']",0.001528523,0,0,0,0,0,0,0,0,0.375812868,0,0,0,0,Fidaxomicin
279,CD-DP,0.0234375,48,"['CD', 'DP']",0.135302728,0,0.088340732,0,0,0,0,0,0,0,0,0,0,0,Fidaxomicin
280,CD-BO,0.01171875,48,"['CD', 'BO']",0.00392712,0,0,0,0,0,0,0,0,0.380260182,0,0,0,0,Fidaxomicin
282,CD-FP,0.1875,48,"['CD', 'FP']",0.001282516,0,0,0.007704691,0,0,0,0,0,0,0,0,0,0,Fidaxomicin
285,CD-BH,0.375,48,"['CD', 'BH']",0,0,0,0,0,0,0,0,0,0,0,0,0,0,Fidaxomicin
286,CD-BU,0.09375,48,"['CD', 'BU']",0.001055482,0,0,0,0,0,0,0,0,0,0,0.355144518,0,0,Fidaxomicin
287,CD-FP,0.0234375,48,"['CD', 'FP']",0.148598191,0,0,0.071699534,0,0,0,0,0,0,0,0,0,0,Fidaxomicin
288,CD-BU,0.375,48,"['CD', 'BU']",0.000637098,0,0,0,0,0,0,0,0,0,0,0.379073312,0,0,Fidaxomicin
289,CD-CA,0.1875,48,"['CD', 'CA']",0,0,0,0,0,0,0,0,0,0,0,0,0,0,Fidaxomicin
290,CD-FP,0.01171875,48,"['CD', 'FP']",0.147041653,0,0,0.067931107,0,0,0,0,0,0,0,0,0,0,Fidaxomicin
291,CD-BH,0.1875,48,"['CD', 'BH']",0,0,0,0,0,0,0,0,0,0,0,0,0,0,Fidaxomicin
292,CD-BT,0.375,48,"['CD', 'BT']",0.001040134,0,0,0,0,0,0,0,0,0,0.516773022,0,0,0,Fidaxomicin
293,CD-BT,0.1875,48,"['CD', 'BT']",0.001810679,0,0,0,0,0,0,0,0,0,0.539783389,0,0,0,Fidaxomicin
294,CD-BH,0.09375,48,"['CD', 'BH']",0.200206833,0,0,0,0.008557109,0,0,0,0,0,0,0,0,0,Fidaxomicin
295,CD-BT,0.09375,48,"['CD', 'BT']",0.00043899,0,0,0,0,0,0,0,0,0,0.491229361,0,0,0,Fidaxomicin
296,CD-BH,0.046875,48,"['CD', 'BH']",0.154605521,0,0,0,0.071163429,0,0,0,0,0,0,0,0,0,Fidaxomicin
297,CD-BU,0.046875,48,"['CD', 'BU']",0.014984398,0,0,0,0,0,0,0,0,0,0,0.336209246,0,0,Fidaxomicin
298,CD-CA,0.09375,48,"['CD', 'CA']",0.159677789,0,0,0,0,0.000403526,0,0,0,0,0,0,0,0,Fidaxomicin
299,CD-BT,0.046875,48,"['CD', 'BT']",0.000654054,0,0,0,0,0,0,0,0,0,0.506237838,0,0,0,Fidaxomicin
300,CD-BU,0.01171875,48,"['CD', 'BU']",0.025901661,0,0,0,0,0,0,0,0,0,0,0.461542169,0,0,Fidaxomicin
301,CD-BT,0.0234375,48,"['CD', 'BT']",0.000882749,0,0,0,0,0,0,0,0,0,0.522057951,0,0,0,Fidaxomicin
303,CD-CA,0.375,48,"['CD', 'CA']",0,0,0,0,0,0,0,0,0,0,0,0,0,0,Fidaxomicin
304,CD-BT,0.01171875,48,"['CD', 'BT']",0.00118041,0,0,0,0,0,0,0,0,0,0.507745069,0,0,0,Fidaxomicin
305,CD-BU,0.1875,48,"['CD', 'BU']",0.000519196,0,0,0,0,0,0,0,0,0,0,0.367664925,0,0,Fidaxomicin
306,CD-BH,0.01171875,48,"['CD', 'BH']",0.166291073,0,0,0,0.046661908,0,0,0,0,0,0,0,0,0,Fidaxomicin
307,CD-BU,0.0234375,48,"['CD', 'BU']",0.014276558,0,0,0,0,0,0,0,0,0,0,0.390269188,0,0,Fidaxomicin
308,CD-CA,0.046875,48,"['CD', 'CA']",0.169834364,0,0,0,0,0.002827699,0,0,0,0,0,0,0,0,Fidaxomicin
309,CD-CS,0.09375,48,"['CD', 'CS']",0.015001567,0,0,0,0,0,0,0,0,0,0,0,0,0.219759791,Fidaxomicin
310,CD-ER,0.046875,48,"['CD', 'ER']",0.137463127,0.062389381,0,0,0,0,0,0,0,0,0,0,0,0,Fidaxomicin
311,CD-CA,0.0234375,48,"['CD', 'CA']",0.133190909,0,0,0,0,0.045993789,0,0,0,0,0,0,0,0,Fidaxomicin
312,CD-CA,0.01171875,48,"['CD', 'CA']",0.177002422,0,0,0,0,0.205198205,0,0,0,0,0,0,0,0,Fidaxomicin
313,CD-PC,0.046875,48,"['CD', 'PC']",0.003808649,0,0,0,0,0,0.402265894,0,0,0,0,0,0,0,Fidaxomicin
314,CD-BV,0.375,48,"['CD', 'BV']",0.00498118,0,0,0,0,0,0,0,0,0,0,0,0.454593939,0,Fidaxomicin
316,CD-BV,0.1875,48,"['CD', 'BV']",0.00388694,0,0,0,0,0,0,0,0,0,0,0,0.429784498,0,Fidaxomicin
317,CD-PC,0.0234375,48,"['CD', 'PC']",0.010612676,0,0,0,0,0,0.45383662,0,0,0,0,0,0,0,Fidaxomicin
318,CD-CS,0.0234375,48,"['CD', 'CS']",0.067114286,0,0,0,0,0,0,0,0,0,0,0,0,0.191900571,Fidaxomicin
320,CD-CS,0.046875,48,"['CD', 'CS']",0.015435764,0,0,0,0,0,0,0,0,0,0,0,0,0.259052383,Fidaxomicin
321,CD-ER,0.09375,48,"['CD', 'ER']",0.175404554,0.026863761,0,0,0,0,0,0,0,0,0,0,0,0,Fidaxomicin
322,CD-BV,0.046875,48,"['CD', 'BV']",0.006600289,0,0,0,0,0,0,0,0,0,0,0,0.440425773,0,Fidaxomicin
323,CD-PC,0.01171875,48,"['CD', 'PC']",0.008386083,0,0,0,0,0,0.578639747,0,0,0,0,0,0,0,Fidaxomicin
324,CD-CS,0.01171875,48,"['CD', 'CS']",0.089376129,0,0,0,0,0,0,0,0,0,0,0,0,0.104412799,Fidaxomicin
325,CD-ER,0.0234375,48,"['CD', 'ER']",0.089132494,0.049672965,0,0,0,0,0,0,0,0,0,0,0,0,Fidaxomicin
326,CD-BV,0.0234375,48,"['CD', 'BV']",0.014079847,0,0,0,0,0,0,0,0,0,0,0,0.466477854,0,Fidaxomicin
327,CD-CS,0.375,48,"['CD', 'CS']",0.000150943,0,0,0,0,0,0,0,0,0,0,0,0,0.043716981,Fidaxomicin
328,CD-BV,0.01171875,48,"['CD', 'BV']",0.035663329,0,0,0,0,0,0,0,0,0,0,0,0.425699084,0,Fidaxomicin
329,CD-PC,0.375,48,"['CD', 'PC']",0.000645579,0,0,0,0,0,0.387024658,0,0,0,0,0,0,0,Fidaxomicin
330,CD-PC,0.1875,48,"['CD', 'PC']",0.000524896,0,0,0,0,0,0.377925173,0,0,0,0,0,0,0,Fidaxomicin
331,CD-PC,0.09375,48,"['CD', 'PC']",0.004921285,0,0,0,0,0,0.401339316,0,0,0,0,0,0,0,Fidaxomicin
332,CD-CS,0.1875,48,"['CD', 'CS']",0.000249112,0,0,0,0,0,0,0,0,0,0,0,0,0.097851243,Fidaxomicin
334,CD-ER,0.01171875,48,"['CD', 'ER']",0.107256248,0.049673657,0,0,0,0,0,0,0,0,0,0,0,0,Fidaxomicin
335,CD,0.0234375,48,['CD'],0.154275734,0,0,0,0,0,0,0,0,0,0,0,0,0,Fidaxomicin
336,CD-CH,0.01171875,48,"['CD', 'CH']",0.027973149,0,0,0,0,0,0,0,0.194195986,0,0,0,0,0,Fidaxomicin
337,CD,0.375,48,['CD'],0,0,0,0,0,0,0,0,0,0,0,0,0,0,Fidaxomicin
338,CD,0.1875,48,['CD'],0,0,0,0,0,0,0,0,0,0,0,0,0,0,Fidaxomicin
339,CD-EL,0.01171875,48,"['CD', 'EL']",0.196943538,0,0,0,0,0,0,0.021822837,0,0,0,0,0,0,Fidaxomicin
340,CD,0.09375,48,['CD'],0.182644986,0,0,0,0,0,0,0,0,0,0,0,0,0,Fidaxomicin
341,CD-CH,0.046875,48,"['CD', 'CH']",0.180936594,0,0,0,0,0,0,0,0.014034734,0,0,0,0,0,Fidaxomicin
342,CD,0.046875,48,['CD'],0.1696,0,0,0,0,0,0,0,0,0,0,0,0,0,Fidaxomicin
343,CD,0.375,48,['CD'],0,0,0,0,0,0,0,0,0,0,0,0,0,0,Fidaxomicin
344,CD-CH,0.375,48,"['CD', 'CH']",0.00044358,0,0,0,0,0,0,0,0.005533074,0,0,0,0,0,Fidaxomicin
345,CD,0.0234375,48,['CD'],0.134652597,0,0,0,0,0,0,0,0,0,0,0,0,0,Fidaxomicin
346,CD,0.01171875,48,['CD'],0.163888268,0,0,0,0,0,0,0,0,0,0,0,0,0,Fidaxomicin
347,CD-CH,0.0234375,48,"['CD', 'CH']",0.023036983,0,0,0,0,0,0,0,0.178919755,0,0,0,0,0,Fidaxomicin
348,CD,0.01171875,48,['CD'],0.1634,0,0,0,0,0,0,0,0,0,0,0,0,0,Fidaxomicin
349,CD,0.1875,48,['CD'],0,0,0,0,0,0,0,0,0,0,0,0,0,0,Fidaxomicin
350,CD-CH,0.1875,48,"['CD', 'CH']",0.000206938,0,0,0,0,0,0,0,0.000991873,0,0,0,0,0,Fidaxomicin
351,CD-EL,0.375,48,"['CD', 'EL']",0,0,0,0,0,0,0,0,0,0,0,0,0,0,Fidaxomicin
352,CD,0.09375,48,['CD'],0.160219674,0,0,0,0,0,0,0,0,0,0,0,0,0,Fidaxomicin
353,CD-EL,0.1875,48,"['CD', 'EL']",0,0,0,0,0,0,0,0,0,0,0,0,0,0,Fidaxomicin
354,CD-EL,0.09375,48,"['CD', 'EL']",0.236339064,0,0,0,0,0,0,3.05E-05,0,0,0,0,0,0,Fidaxomicin
355,CD-EL,0.046875,48,"['CD', 'EL']",0.205878681,0,0,0,0,0,0,6.07E-05,0,0,0,0,0,0,Fidaxomicin
356,CD-EL,0.0234375,48,"['CD', 'EL']",0.215608908,0,0,0,0,0,0,0.020869527,0,0,0,0,0,0,Fidaxomicin
357,CD,0.046875,48,['CD'],0.16855472,0,0,0,0,0,0,0,0,0,0,0,0,0,Fidaxomicin
358,CD-CH,0.09375,48,"['CD', 'CH']",0.157806231,0,0,0,0,0,0,0,0.002752071,0,0,0,0,0,Fidaxomicin
359,CD-FP,1.5,48,"['CD', 'FP']",0.184552137,0,0,0.007682051,0,0,0,0,0,0,0,0,0,0,Metronidazole
360,CD-BT,0.75,48,"['CD', 'BT']",0.143766683,0,0,0,0,0,0,0,0,0,0.302336177,0,0,0,Metronidazole
361,CD-DP,12,48,"['CD', 'DP']",0.297634395,0,4.14E-05,0,0,0,0,0,0,0,0,0,0,0,Metronidazole
362,CD-BO,0.75,48,"['CD', 'BO']",0.184179083,0,0,0,0,0,0,0,0,0.186292844,0,0,0,0,Metronidazole
363,CD-DP,6,48,"['CD', 'DP']",0.243249143,0,0.000210514,0,0,0,0,0,0,0,0,0,0,0,Metronidazole
364,CD-BT,3,48,"['CD', 'BT']",0.183674615,0,0,0,0,0,0,0,0,0,0.436184615,0,0,0,Metronidazole
365,CD-DP,3,48,"['CD', 'DP']",0.223166903,0,0.000233097,0,0,0,0,0,0,0,0,0,0,0,Metronidazole
394,CD-BH,0,48,"['CD', 'BH']",0.160853416,0,0,0,0.050475193,0,0,0,0,0,0,0,0,0,Metronidazole
654,CD-BH,0,48,"['CD', 'BH']",0.185135533,0,0,0,0.043721553,0,0,0,0,0,0,0,0,0,Metronidazole
368,CD-DP,1.5,48,"['CD', 'DP']",0.188300072,0,0.000245395,0,0,0,0,0,0,0,0,0,0,0,Metronidazole
369,CD-FP,0.75,48,"['CD', 'FP']",0.154122683,0,0,0.064583853,0,0,0,0,0,0,0,0,0,0,Metronidazole
370,CD-BT,1.5,48,"['CD', 'BT']",0.23096939,0,0,0,0,0,0,0,0,0,0.311942819,0,0,0,Metronidazole
371,CD-DP,0.75,48,"['CD', 'DP']",0.170866929,0,0.000461995,0,0,0,0,0,0,0,0,0,0,0,Metronidazole
372,CD-FP,12,48,"['CD', 'FP']",0,0,0,0,0,0,0,0,0,0,0,0,0,0,Metronidazole
373,CD-BT,12,48,"['CD', 'BT']",0.002817391,0,0,0,0,0,0,0,0,0,0.000704348,0,0,0,Metronidazole
745,CD-BH,0,48,"['CD', 'BH']",0.212757167,0,0,0,0.059052617,0,0,0,0,0,0,0,0,0,Metronidazole
376,CD-FP,6,48,"['CD', 'FP']",0,0,0,0,0,0,0,0,0,0,0,0,0,0,Metronidazole
377,CD-BO,12,48,"['CD', 'BO']",0,0,0,0,0,0,0,0,0,0,0,0,0,0,Metronidazole
378,CD-BO,6,48,"['CD', 'BO']",0,0,0,0,0,0,0,0,0,0,0,0,0,0,Metronidazole
379,CD-BO,3,48,"['CD', 'BO']",0.015063145,0,0,0,0,0,0,0,0,7.30E-05,0,0,0,0,Metronidazole
380,CD-BO,1.5,48,"['CD', 'BO']",0.177324954,0,0,0,0,0,0,0,0,0.075389337,0,0,0,0,Metronidazole
381,CD-FP,3,48,"['CD', 'FP']",0.168177778,0,0,0.021022222,0,0,0,0,0,0,0,0,0,0,Metronidazole
382,CD-BT,6,48,"['CD', 'BT']",0.185439408,0,0,0,0,0,0,0,0,0,0.126416281,0,0,0,Metronidazole
383,CD-BH,12,48,"['CD', 'BH']",0.010231351,0,0,0,0.010006486,0,0,0,0,0,0,0,0,0,Metronidazole
836,CD-BH,0,48,"['CD', 'BH']",0.183348209,0,0,0,0.074797784,0,0,0,0,0,0,0,0,0,Metronidazole
385,CD-PC,12,48,"['CD', 'PC']",0,0,0,0,0,0,0,0,0,0,0,0,0,0,Metronidazole
386,CD-BH,6,48,"['CD', 'BH']",0,0,0,0,0,0,0,0,0,0,0,0,0,0,Metronidazole
387,CD-BH,3,48,"['CD', 'BH']",0.167604485,0,0,0,0.000496263,0,0,0,0,0,0,0,0,0,Metronidazole
388,CD-CA,12,48,"['CD', 'CA']",0,0,0,0,0,0,0,0,0,0,0,0,0,0,Metronidazole
389,CD-BH,1.5,48,"['CD', 'BH']",0.1944968,0,0,0,0.000661835,0,0,0,0,0,0,0,0,0,Metronidazole
390,CD-BV,0.75,48,"['CD', 'BV']",0.090702695,0,0,0,0,0,0,0,0,0,0,0,0.462174489,0,Metronidazole
392,CD-CA,6,48,"['CD', 'CA']",0.000805084,0,0,0,0,0.133794916,0,0,0,0,0,0,0,0,Metronidazole
393,CD-BV,6,48,"['CD', 'BV']",0,0,0,0,0,0,0,0,0,0,0,0,0,0,Metronidazole
366,CD-BO,0,48,"['CD', 'BO']",0.004406599,0,0,0,0,0,0,0,0,0.404499908,0,0,0,0,Metronidazole
395,CD-BV,12,48,"['CD', 'BV']",0,0,0,0,0,0,0,0,0,0,0,0,0,0,Metronidazole
641,CD-BO,0,48,"['CD', 'BO']",0.006185408,0,0,0,0,0,0,0,0,0.435167213,0,0,0,0,Metronidazole
397,CD-BU,12,48,"['CD', 'BU']",0.225652531,0,0,0,0,0,0,0,0,0,0,0.000539839,0,0,Metronidazole
398,CD-CA,3,48,"['CD', 'CA']",0.210956682,0,0,0,0,0.118495853,0,0,0,0,0,0,0,0,Metronidazole
399,CD-BV,3,48,"['CD', 'BV']",0.151618628,0,0,0,0,0,0,0,0,0,0,0,0.000716257,0,Metronidazole
400,CD-PC,6,48,"['CD', 'PC']",0,0,0,0,0,0,0,0,0,0,0,0,0,0,Metronidazole
401,CD-BU,6,48,"['CD', 'BU']",0.063642857,0,0,0,0,0,0,0,0,0,0,9.43E-05,0,0,Metronidazole
402,CD-CA,1.5,48,"['CD', 'CA']",0.159043837,0,0,0,0,0.097342106,0,0,0,0,0,0,0,0,Metronidazole
403,CD-BU,3,48,"['CD', 'BU']",0.121691272,0,0,0,0,0,0,0,0,0,0,0.418769077,0,0,Metronidazole
404,CD-BU,1.5,48,"['CD', 'BU']",0.161188117,0,0,0,0,0,0,0,0,0,0,0.25112932,0,0,Metronidazole
405,CD-BU,0.75,48,"['CD', 'BU']",0.100436484,0,0,0,0,0,0,0,0,0,0,0.421872893,0,0,Metronidazole
728,CD-BO,0,48,"['CD', 'BO']",0.006608466,0,0,0,0,0,0,0,0,0.435182162,0,0,0,0,Metronidazole
407,CD-CA,0.75,48,"['CD', 'CA']",0.14546909,0,0,0,0,0.153685445,0,0,0,0,0,0,0,0,Metronidazole
408,CD-BV,1.5,48,"['CD', 'BV']",0.321744068,0,0,0,0,0,0,0,0,0,0,0,0.046409685,0,Metronidazole
409,CD-PC,3,48,"['CD', 'PC']",0.184521301,0,0,0,0,0,0.164711857,0,0,0,0,0,0,0,Metronidazole
410,CD,6,48,['CD'],0,0,0,0,0,0,0,0,0,0,0,0,0,0,Metronidazole
411,CD-EL,3,48,"['CD', 'EL']",0.368633806,0,0,0,0,0,0,0.010366194,0,0,0,0,0,0,Metronidazole
412,CD-PC,1.5,48,"['CD', 'PC']",0.08047302,0,0,0,0,0,0.438428932,0,0,0,0,0,0,0,Metronidazole
413,CD-PC,0.75,48,"['CD', 'PC']",0.018045226,0,0,0,0,0,0.551954774,0,0,0,0,0,0,0,Metronidazole
414,CD-ER,3,48,"['CD', 'ER']",0,0,0,0,0,0,0,0,0,0,0,0,0,0,Metronidazole
824,CD-BO,0,48,"['CD', 'BO']",0.004592577,0,0,0,0,0,0,0,0,0.504830238,0,0,0,0,Metronidazole
416,CD-EL,12,48,"['CD', 'EL']",0,0,0,0,0,0,0,0,0,0,0,0,0,0,Metronidazole
417,CD-CS,12,48,"['CD', 'CS']",0,0,0,0,0,0,0,0,0,0,0,0,0,0,Metronidazole
418,CD-ER,1.5,48,"['CD', 'ER']",0.23607771,0.000161145,0,0,0,0,0,0,0,0,0,0,0,0,Metronidazole
419,CD,1.5,48,['CD'],0.303309936,0,0,0,0,0,0,0,0,0,0,0,0,0,Metronidazole
420,CD-CS,6,48,"['CD', 'CS']",0.041699519,0,0,0,0,0,0,0,0,0,0,0,0,0,Metronidazole
421,CD,3,48,['CD'],0.01,0,0,0,0,0,0,0,0,0,0,0,0,0,Metronidazole
422,CD-EL,6,48,"['CD', 'EL']",0.033869409,0,0,0,0,0,0,0.000530591,0,0,0,0,0,0,Metronidazole
423,CD-CS,3,48,"['CD', 'CS']",0.223941705,0,0,0,0,0,0,0,0,0,0,0,0,0.000129147,Metronidazole
424,CD-ER,0.75,48,"['CD', 'ER']",0.16009324,0.000565035,0,0,0,0,0,0,0,0,0,0,0,0,Metronidazole
425,CD,0.75,48,['CD'],0.170859644,0,0,0,0,0,0,0,0,0,0,0,0,0,Metronidazole
426,CD-EL,1.5,48,"['CD', 'EL']",0.272334794,0,0,0,0,0,0,0.010665206,0,0,0,0,0,0,Metronidazole
427,CD-CS,1.5,48,"['CD', 'CS']",0.207144824,0,0,0,0,0,0,0,0,0,0,0,0,0.000327588,Metronidazole
374,CD-BT,0,48,"['CD', 'BT']",0.000601716,0,0,0,0,0,0,0,0,0,0.489495711,0,0,0,Metronidazole
429,CD-CS,0.75,48,"['CD', 'CS']",0.174100531,0,0,0,0,0,0,0,0,0,0,0,0,0.000356763,Metronidazole
656,CD-BT,0,48,"['CD', 'BT']",0.001647626,0,0,0,0,0,0,0,0,0,0.579222849,0,0,0,Metronidazole
431,CD-ER,12,48,"['CD', 'ER']",0,0,0,0,0,0,0,0,0,0,0,0,0,0,Metronidazole
432,CD-ER,6,48,"['CD', 'ER']",0,0,0,0,0,0,0,0,0,0,0,0,0,0,Metronidazole
433,CD,12,48,['CD'],0.00058481,0,0,0,0,0,0,0,0,0,0,0,0,0,Metronidazole
750,CD-BT,0,48,"['CD', 'BT']",0.000855014,0,0,0,0,0,0,0,0,0,0.574373983,0,0,0,Metronidazole
435,CD-EL,0.75,48,"['CD', 'EL']",0.187848186,0,0,0,0,0,0,0.007751814,0,0,0,0,0,0,Metronidazole
822,CD-BT,0,48,"['CD', 'BT']",0.000967429,0,0,0,0,0,0,0,0,0,0.533398774,0,0,0,Metronidazole
437,CD,12,48,['CD'],0,0,0,0,0,0,0,0,0,0,0,0,0,0,Metronidazole
438,CD-CH,0.75,48,"['CD', 'CH']",0.160038396,0,0,0,0,0,0,0,0.000906655,0,0,0,0,0,Metronidazole
439,CD,6,48,['CD'],0,0,0,0,0,0,0,0,0,0,0,0,0,0,Metronidazole
406,CD-BU,0,48,"['CD', 'BU']",0.02311875,0,0,0,0,0,0,0,0,0,0,0.468515918,0,0,Metronidazole
442,CD,1.5,48,['CD'],0.245954671,0,0,0,0,0,0,0,0,0,0,0,0,0,Metronidazole
443,CD,0.75,48,['CD'],0.1668,0,0,0,0,0,0,0,0,0,0,0,0,0,Metronidazole
445,CD-CH,12,48,"['CD', 'CH']",0,0,0,0,0,0,0,0,0,0,0,0,0,0,Metronidazole
446,CD-CH,6,48,"['CD', 'CH']",0.143150161,0,0,0,0,0,0,0,0.00052606,0,0,0,0,0,Metronidazole
447,CD-CH,3,48,"['CD', 'CH']",0.254206908,0,0,0,0,0,0,0,0.00075135,0,0,0,0,0,Metronidazole
448,CD-CH,1.5,48,"['CD', 'CH']",0.17433634,0,0,0,0,0,0,0,0.00046366,0,0,0,0,0,Metronidazole
449,CD-BO,3,48,"['CD', 'BO']",0.000349628,0,0,0,0,0,0,0,0,0.408977867,0,0,0,0,Vancomycin
450,CD-FP,3,48,"['CD', 'FP']",0,0,0,0,0,0,0,0,0,0,0,0,0,0,Vancomycin
451,CD-DP,0.1875,48,"['CD', 'DP']",0.165201419,0,0.014143688,0,0,0,0,0,0,0,0,0,0,0,Vancomycin
452,CD-DP,3,48,"['CD', 'DP']",0.000384747,0,0.055415253,0,0,0,0,0,0,0,0,0,0,0,Vancomycin
453,CD-BO,0.375,48,"['CD', 'BO']",0.003836186,0,0,0,0,0,0,0,0,0.40953625,0,0,0,0,Vancomycin
455,CD-DP,1.5,48,"['CD', 'DP']",0.000582894,0,0.055987467,0,0,0,0,0,0,0,0,0,0,0,Vancomycin
456,CD-BO,1.5,48,"['CD', 'BO']",0.000533023,0,0,0,0,0,0,0,0,0.432192584,0,0,0,0,Vancomycin
457,CD-FP,1.5,48,"['CD', 'FP']",0,0,0,0,0,0,0,0,0,0,0,0,0,0,Vancomycin
458,CD-DP,0.75,48,"['CD', 'DP']",0.000480285,0,0.056302863,0,0,0,0,0,0,0,0,0,0,0,Vancomycin
459,CD-BO,0.09375,48,"['CD', 'BO']",0.003240657,0,0,0,0,0,0,0,0,0.414092677,0,0,0,0,Vancomycin
460,CD-BO,0.1875,48,"['CD', 'BO']",0.003952953,0,0,0,0,0,0,0,0,0.436540228,0,0,0,0,Vancomycin
461,CD-DP,0.375,48,"['CD', 'DP']",0.0233386,0,0.045282606,0,0,0,0,0,0,0,0,0,0,0,Vancomycin
462,CD-BO,0.75,48,"['CD', 'BO']",0.000775693,0,0,0,0,0,0,0,0,0.446256284,0,0,0,0,Vancomycin
463,CD-FP,0.75,48,"['CD', 'FP']",0.000896694,0,0,0.00188595,0,0,0,0,0,0,0,0,0,0,Vancomycin
464,CD-BU,1.5,48,"['CD', 'BU']",0.000583307,0,0,0,0,0,0,0,0,0,0,0.363483375,0,0,Vancomycin
466,CD-FP,0.375,48,"['CD', 'FP']",0.048173708,0,0,0.000626292,0,0,0,0,0,0,0,0,0,0,Vancomycin
467,CD-FP,0.1875,48,"['CD', 'FP']",0.18180099,0,0,0.022691053,0,0,0,0,0,0,0,0,0,0,Vancomycin
468,CD-BH,0.75,48,"['CD', 'BH']",0.003320911,0,0,0,0.006063238,0,0,0,0,0,0,0,0,0,Vancomycin
469,CD-FP,0.09375,48,"['CD', 'FP']",0.128525852,0,0,0.069106431,0,0,0,0,0,0,0,0,0,0,Vancomycin
471,CD-BT,3,48,"['CD', 'BT']",0.000766363,0,0,0,0,0,0,0,0,0,0.440275683,0,0,0,Vancomycin
472,CD-BH,0.375,48,"['CD', 'BH']",0.045474916,0,0,0,0.001067176,0,0,0,0,0,0,0,0,0,Vancomycin
473,CD-BU,0.375,48,"['CD', 'BU']",0.005989889,0,0,0,0,0,0,0,0,0,0,0.366492466,0,0,Vancomycin
474,CD-BT,1.5,48,"['CD', 'BT']",0.000996099,0,0,0,0,0,0,0,0,0,0.457607802,0,0,0,Vancomycin
475,CD-BU,0.75,48,"['CD', 'BU']",0.000873116,0,0,0,0,0,0,0,0,0,0,0.350925396,0,0,Vancomycin
476,CD-CA,1.5,48,"['CD', 'CA']",0.00039457,0,0,0,0,0.000802715,0,0,0,0,0,0,0,0,Vancomycin
477,CD-BT,0.75,48,"['CD', 'BT']",0.000651546,0,0,0,0,0,0,0,0,0,0.441585567,0,0,0,Vancomycin
478,CD-BH,0.1875,48,"['CD', 'BH']",0.245056815,0,0,0,0.016281977,0,0,0,0,0,0,0,0,0,Vancomycin
479,CD-BU,0.1875,48,"['CD', 'BU']",0.021452701,0,0,0,0,0,0,0,0,0,0,0.455684956,0,0,Vancomycin
481,CD-BT,0.375,48,"['CD', 'BT']",0.000392886,0,0,0,0,0,0,0,0,0,0.429817784,0,0,0,Vancomycin
482,CD-BH,0.09375,48,"['CD', 'BH']",0.209567957,0,0,0,0.040184991,0,0,0,0,0,0,0,0,0,Vancomycin
483,CD-BT,0.1875,48,"['CD', 'BT']",0.001131998,0,0,0,0,0,0,0,0,0,0.441479335,0,0,0,Vancomycin
484,CD-BT,0.09375,48,"['CD', 'BT']",0.000657716,0,0,0,0,0,0,0,0,0,0.425048997,0,0,0,Vancomycin
485,CD-BH,3,48,"['CD', 'BH']",0.001034188,0,0,0,0.003871795,0,0,0,0,0,0,0,0,0,Vancomycin
486,CD-BH,1.5,48,"['CD', 'BH']",0.001353002,0,0,0,0.004357461,0,0,0,0,0,0,0,0,0,Vancomycin
487,CD-BU,3,48,"['CD', 'BU']",0.000378299,0,0,0,0,0,0,0,0,0,0,0.357643403,0,0,Vancomycin
488,CD-BU,0.09375,48,"['CD', 'BU']",0.015764636,0,0,0,0,0,0,0,0,0,0,0.471232071,0,0,Vancomycin
489,CD-CA,0.1875,48,"['CD', 'CA']",0.082918208,0,0,0,0,0.309220304,0,0,0,0,0,0,0,0,Vancomycin
490,CD-CS,0.375,48,"['CD', 'CS']",0.141390733,0,0,0,0,0,0,0,0,0,0,0,0,0.077523896,Vancomycin
491,CD-ER,0.1875,48,"['CD', 'ER']",0.171520415,0.002279585,0,0,0,0,0,0,0,0,0,0,0,0,Vancomycin
492,CD-CA,0.09375,48,"['CD', 'CA']",0.070944823,0,0,0,0,0.34709173,0,0,0,0,0,0,0,0,Vancomycin
493,CD-BV,3,48,"['CD', 'BV']",0.001566107,0,0,0,0,0,0,0,0,0,0,0,0.405869039,0,Vancomycin
494,CD-PC,0.1875,48,"['CD', 'PC']",0.010077456,0,0,0,0,0,0.461643472,0,0,0,0,0,0,0,Vancomycin
495,CD-BV,1.5,48,"['CD', 'BV']",0.007046163,0,0,0,0,0,0,0,0,0,0,0,0.423776364,0,Vancomycin
496,CD-ER,0.75,48,"['CD', 'ER']",0,0,0,0,0,0,0,0,0,0,0,0,0,0,Vancomycin
497,CD-BV,0.75,48,"['CD', 'BV']",0.011213825,0,0,0,0,0,0,0,0,0,0,0,0.387180023,0,Vancomycin
498,CD-PC,0.09375,48,"['CD', 'PC']",0.01304049,0,0,0,0,0,0.49778697,0,0,0,0,0,0,0,Vancomycin
499,CD-CS,0.09375,48,"['CD', 'CS']",0.10793755,0,0,0,0,0,0,0,0,0,0,0,0,0.047467539,Vancomycin
500,CD-BV,0.375,48,"['CD', 'BV']",0.097837224,0,0,0,0,0,0,0,0,0,0,0,0.330328145,0,Vancomycin
501,CD-CS,0.1875,48,"['CD', 'CS']",0.109024281,0,0,0,0,0,0,0,0,0,0,0,0,0.039630877,Vancomycin
502,CD-ER,0.375,48,"['CD', 'ER']",0.211009507,0.003990493,0,0,0,0,0,0,0,0,0,0,0,0,Vancomycin
503,CD-BV,0.1875,48,"['CD', 'BV']",0.075482132,0,0,0,0,0,0,0,0,0,0,0,0.380231514,0,Vancomycin
504,CD-CS,3,48,"['CD', 'CS']",0.00161544,0,0,0,0,0,0,0,0,0,0,0,0,0.009028227,Vancomycin
506,CD-ER,0.09375,48,"['CD', 'ER']",0.168526271,0.003976735,0,0,0,0,0,0,0,0,0,0,0,0,Vancomycin
507,CD-BV,0.09375,48,"['CD', 'BV']",0.106788079,0,0,0,0,0,0,0,0,0,0,0,0.365169185,0,Vancomycin
508,CD-CS,1.5,48,"['CD', 'CS']",0.000869018,0,0,0,0,0,0,0,0,0,0,0,0,0.005047859,Vancomycin
509,CD-PC,3,48,"['CD', 'PC']",0.001233345,0,0,0,0,0,0.297338868,0,0,0,0,0,0,0,Vancomycin
510,CD-PC,1.5,48,"['CD', 'PC']",0.001270556,0,0,0,0,0,0.292689898,0,0,0,0,0,0,0,Vancomycin
511,CD-PC,0.75,48,"['CD', 'PC']",0.002381553,0,0,0,0,0,0.309601942,0,0,0,0,0,0,0,Vancomycin
512,CD-PC,0.375,48,"['CD', 'PC']",0.003043836,0,0,0,0,0,0.339941096,0,0,0,0,0,0,0,Vancomycin
514,CD-ER,1.5,48,"['CD', 'ER']",0,0,0,0,0,0,0,0,0,0,0,0,0,0,Vancomycin
515,CD,3,48,['CD'],0.018568182,0,0,0,0,0,0,0,0,0,0,0,0,0,Vancomycin
516,CD,0.09375,48,['CD'],0.157282112,0,0,0,0,0,0,0,0,0,0,0,0,0,Vancomycin
517,CD,1.5,48,['CD'],0.017068702,0,0,0,0,0,0,0,0,0,0,0,0,0,Vancomycin
518,CD,0.75,48,['CD'],0.016534641,0,0,0,0,0,0,0,0,0,0,0,0,0,Vancomycin
519,CD,3,48,['CD'],0.019139906,0,0,0,0,0,0,0,0,0,0,0,0,0,Vancomycin
520,CD,0.375,48,['CD'],0.253543152,0,0,0,0,0,0,0,0,0,0,0,0,0,Vancomycin
521,CD-CH,0.1875,48,"['CD', 'CH']",0.116616026,0,0,0,0,0,0,0,0.005435607,0,0,0,0,0,Vancomycin
524,CD-CH,1.5,48,"['CD', 'CH']",0.000754163,0,0,0,0,0,0,0,0.011399664,0,0,0,0,0,Vancomycin
525,CD,0.09375,48,['CD'],0.170961736,0,0,0,0,0,0,0,0,0,0,0,0,0,Vancomycin
526,CD-CH,3,48,"['CD', 'CH']",0.00065272,0,0,0,0,0,0,0,0.013848756,0,0,0,0,0,Vancomycin
527,CD-CH,0.09375,48,"['CD', 'CH']",0.06232503,0,0,0,0,0,0,0,0.12196784,0,0,0,0,0,Vancomycin
528,CD-EL,3,48,"['CD', 'EL']",0.001494453,0,0,0,0,0,0,0.009688756,0,0,0,0,0,0,Vancomycin
529,CD,0.75,48,['CD'],0.014340136,0,0,0,0,0,0,0,0,0,0,0,0,0,Vancomycin
530,CD-CH,0.75,48,"['CD', 'CH']",0.000802122,0,0,0,0,0,0,0,0.011140584,0,0,0,0,0,Vancomycin
531,CD-EL,1.5,48,"['CD', 'EL']",0.001238739,0,0,0,0,0,0,0.017161261,0,0,0,0,0,0,Vancomycin
532,CD,0.375,48,['CD'],0.270040118,0,0,0,0,0,0,0,0,0,0,0,0,0,Vancomycin
533,CD-EL,0.75,48,"['CD', 'EL']",0.014829362,0,0,0,0,0,0,0.0722701,0,0,0,0,0,0,Vancomycin
534,CD-EL,0.375,48,"['CD', 'EL']",0.201380238,0,0,0,0,0,0,0.045219762,0,0,0,0,0,0,Vancomycin
536,CD-EL,0.09375,48,"['CD', 'EL']",0.18408197,0,0,0,0,0,0,0.034919623,0,0,0,0,0,0,Vancomycin
537,CD,0.1875,48,['CD'],0.164535995,0,0,0,0,0,0,0,0,0,0,0,0,0,Vancomycin
539,CD-FP,1.5,48,"['CD', 'FP']",0,0,0,0,0,0,0,0,0,0,0,0,0,0,Vancomycin
540,CD-BT,0.75,48,"['CD', 'BT']",0.008867552,0,0,0,0,0,0,0,0,0,0.531813457,0,0,0,Vancomycin
541,CD-BO,0.75,48,"['CD', 'BO']",0.000640724,0,0,0,0,0,0,0,0,0.399628701,0,0,0,0,Vancomycin
542,CD-BT,3,48,"['CD', 'BT']",0.000777268,0,0,0,0,0,0,0,0,0,0.532039781,0,0,0,Vancomycin
543,CD-DP,3,48,"['CD', 'DP']",0.000533988,0,0.076218896,0,0,0,0,0,0,0,0,0,0,0,Vancomycin
544,CD-BO,0.375,48,"['CD', 'BO']",0.002733066,0,0,0,0,0,0,0,0,0.417048728,0,0,0,0,Vancomycin
545,CD-FP,0.375,48,"['CD', 'FP']",0.224153588,0,0,0.004302028,0,0,0,0,0,0,0,0,0,0,Vancomycin
546,CD-DP,1.5,48,"['CD', 'DP']",0.000422907,0,0.076292511,0,0,0,0,0,0,0,0,0,0,0,Vancomycin
547,CD-FP,0.75,48,"['CD', 'FP']",0,0,0,0,0,0,0,0,0,0,0,0,0,0,Vancomycin
548,CD-BT,1.5,48,"['CD', 'BT']",0.000885135,0,0,0,0,0,0,0,0,0,0.532408447,0,0,0,Vancomycin
549,CD-DP,0.75,48,"['CD', 'DP']",0.000396178,0,0.080721285,0,0,0,0,0,0,0,0,0,0,0,Vancomycin
550,CD-BO,0.1875,48,"['CD', 'BO']",0.003619873,0,0,0,0,0,0,0,0,0.446424808,0,0,0,0,Vancomycin
551,CD-FP,0.1875,48,"['CD', 'FP']",0.13497813,0,0,0.084712837,0,0,0,0,0,0,0,0,0,0,Vancomycin
552,CD-BT,0.375,48,"['CD', 'BT']",0.008557746,0,0,0,0,0,0,0,0,0,0.485521127,0,0,0,Vancomycin
553,CD-DP,0.375,48,"['CD', 'DP']",0.07777864,0,0.132824277,0,0,0,0,0,0,0,0,0,0,0,Vancomycin
554,CD-BO,0.09375,48,"['CD', 'BO']",0.003295255,0,0,0,0,0,0,0,0,0.452067731,0,0,0,0,Vancomycin
555,CD-DP,0.1875,48,"['CD', 'DP']",0.122070228,0,0.049860497,0,0,0,0,0,0,0,0,0,0,0,Vancomycin
557,CD-BO,3,48,"['CD', 'BO']",0.000580855,0,0,0,0,0,0,0,0,0.414875389,0,0,0,0,Vancomycin
558,CD-BO,1.5,48,"['CD', 'BO']",0.000536347,0,0,0,0,0,0,0,0,0.407240814,0,0,0,0,Vancomycin
559,CD-FP,3,48,"['CD', 'FP']",0,0,0,0,0,0,0,0,0,0,0,0,0,0,Vancomycin
560,CD-FP,0.09375,48,"['CD', 'FP']",0.149149229,0,0,0.07633048,0,0,0,0,0,0,0,0,0,0,Vancomycin
561,CD-BT,0.1875,48,"['CD', 'BT']",0.003763571,0,0,0,0,0,0,0,0,0,0.507245678,0,0,0,Vancomycin
562,CD-CA,0.375,48,"['CD', 'CA']",0.219566515,0,0,0,0,0.00285292,0,0,0,0,0,0,0,0,Vancomycin
563,CD-BV,0.1875,48,"['CD', 'BV']",0.064111765,0,0,0,0,0,0,0,0,0,0,0,0.41959663,0,Vancomycin
564,CD-BT,0.09375,48,"['CD', 'BT']",0.001062788,0,0,0,0,0,0,0,0,0,0.49823491,0,0,0,Vancomycin
565,CD-BH,3,48,"['CD', 'BH']",0.001036364,0,0,0,0.003741818,0,0,0,0,0,0,0,0,0,Vancomycin
566,CD-BU,0.1875,48,"['CD', 'BU']",0.021132785,0,0,0,0,0,0,0,0,0,0,0.483886593,0,0,Vancomycin
567,CD-BH,1.5,48,"['CD', 'BH']",0.000994835,0,0,0,0.002788246,0,0,0,0,0,0,0,0,0,Vancomycin
568,CD-BV,0.75,48,"['CD', 'BV']",0.011398481,0,0,0,0,0,0,0,0,0,0,0,0.416587342,0,Vancomycin
570,CD-BU,0.09375,48,"['CD', 'BU']",0.021587716,0,0,0,0,0,0,0,0,0,0,0.496741164,0,0,Vancomycin
571,CD-CA,0.09375,48,"['CD', 'CA']",0.102404054,0,0,0,0,0.305923709,0,0,0,0,0,0,0,0,Vancomycin
573,CD-CA,0.1875,48,"['CD', 'CA']",0.112211673,0,0,0,0,0.335011587,0,0,0,0,0,0,0,0,Vancomycin
574,CD-BV,0.375,48,"['CD', 'BV']",0.088030357,0,0,0,0,0,0,0,0,0,0,0,0.343659913,0,Vancomycin
575,CD-BH,0.1875,48,"['CD', 'BH']",0.155960933,0,0,0,0.048621552,0,0,0,0,0,0,0,0,0,Vancomycin
577,CD-BV,3,48,"['CD', 'BV']",0.003919792,0,0,0,0,0,0,0,0,0,0,0,0.401929447,0,Vancomycin
578,CD-BV,0.09375,48,"['CD', 'BV']",0.062941916,0,0,0,0,0,0,0,0,0,0,0,0.403550675,0,Vancomycin
579,CD-BH,0.09375,48,"['CD', 'BH']",0.163550769,0,0,0,0.041316923,0,0,0,0,0,0,0,0,0,Vancomycin
580,CD-CA,1.5,48,"['CD', 'CA']",0.000801664,0,0,0,0,0.00135807,0,0,0,0,0,0,0,0,Vancomycin
581,CD-BU,3,48,"['CD', 'BU']",0.000330625,0,0,0,0,0,0,0,0,0,0,0.37373875,0,0,Vancomycin
582,CD-BU,1.5,48,"['CD', 'BU']",0.000147938,0,0,0,0,0,0,0,0,0,0,0.374430156,0,0,Vancomycin
583,CD-BU,0.75,48,"['CD', 'BU']",0.000255926,0,0,0,0,0,0,0,0,0,0,0.378173457,0,0,Vancomycin
584,CD-BU,0.375,48,"['CD', 'BU']",0.008418891,0,0,0,0,0,0,0,0,0,0,0.381981109,0,0,Vancomycin
585,CD-CA,0.75,48,"['CD', 'CA']",0.003023338,0,0,0,0,0.005513146,0,0,0,0,0,0,0,0,Vancomycin
586,CD-BV,1.5,48,"['CD', 'BV']",0.007785701,0,0,0,0,0,0,0,0,0,0,0,0.413221265,0,Vancomycin
587,CD-PC,3,48,"['CD', 'PC']",0.000601682,0,0,0,0,0,0.410196636,0,0,0,0,0,0,0,Vancomycin
589,CD-EL,3,48,"['CD', 'EL']",0.00088496,0,0,0,0,0,0,0.00723031,0,0,0,0,0,0,Vancomycin
590,CD-PC,1.5,48,"['CD', 'PC']",0.000567417,0,0,0,0,0,0.426886887,0,0,0,0,0,0,0,Vancomycin
591,CD-PC,0.75,48,"['CD', 'PC']",0.001207815,0,0,0,0,0,0.423188277,0,0,0,0,0,0,0,Vancomycin
593,CD-PC,0.375,48,"['CD', 'PC']",0.001427604,0,0,0,0,0,0.473556622,0,0,0,0,0,0,0,Vancomycin
595,CD-PC,0.1875,48,"['CD', 'PC']",0.00680126,0,0,0,0,0,0.614174345,0,0,0,0,0,0,0,Vancomycin
596,CD-ER,1.5,48,"['CD', 'ER']",0,0,0,0,0,0,0,0,0,0,0,0,0,0,Vancomycin
597,CD,1.5,48,['CD'],0.014428571,0,0,0,0,0,0,0,0,0,0,0,0,0,Vancomycin
598,CD-PC,0.09375,48,"['CD', 'PC']",0.009034375,0,0,0,0,0,0.556075,0,0,0,0,0,0,0,Vancomycin
599,CD,3,48,['CD'],0.018396721,0,0,0,0,0,0,0,0,0,0,0,0,0,Vancomycin
600,CD,0.09375,48,['CD'],0.1618,0,0,0,0,0,0,0,0,0,0,0,0,0,Vancomycin
601,CD-CS,3,48,"['CD', 'CS']",0.000767677,0,0,0,0,0,0,0,0,0,0,0,0,0.005191919,Vancomycin
603,CD,0.75,48,['CD'],0.017467742,0,0,0,0,0,0,0,0,0,0,0,0,0,Vancomycin
604,CD-EL,1.5,48,"['CD', 'EL']",0.001028287,0,0,0,0,0,0,0.029470015,0,0,0,0,0,0,Vancomycin
608,CD-CS,0.375,48,"['CD', 'CS']",0.124462038,0,0,0,0,0,0,0,0,0,0,0,0,0.05949209,Vancomycin
609,CD-CS,0.1875,48,"['CD', 'CS']",0.105642191,0,0,0,0,0,0,0,0,0,0,0,0,0.046419393,Vancomycin
610,CD-CS,0.09375,48,"['CD', 'CS']",0.107521984,0,0,0,0,0,0,0,0,0,0,0,0,0.061087711,Vancomycin
611,CD-ER,0.1875,48,"['CD', 'ER']",0.156669429,0.019720333,0,0,0,0,0,0,0,0,0,0,0,0,Vancomycin
612,CD,0.375,48,['CD'],0.259512229,0,0,0,0,0,0,0,0,0,0,0,0,0,Vancomycin
613,CD-EL,0.75,48,"['CD', 'EL']",0.025529622,0,0,0,0,0,0,0.064069533,0,0,0,0,0,0,Vancomycin
614,CD-EL,0.375,48,"['CD', 'EL']",0.221814413,0,0,0,0,0,0,0.013722417,0,0,0,0,0,0,Vancomycin
617,CD-EL,0.09375,48,"['CD', 'EL']",0.230139646,0,0,0,0,0,0,0.013475724,0,0,0,0,0,0,Vancomycin
618,CD,3,48,['CD'],0.01491411,0,0,0,0,0,0,0,0,0,0,0,0,0,Vancomycin
619,CD-CH,0.375,48,"['CD', 'CH']",0.205612052,0,0,0,0,0,0,0,0.011056903,0,0,0,0,0,Vancomycin
621,CD,0.75,48,['CD'],0.012126316,0,0,0,0,0,0,0,0,0,0,0,0,0,Vancomycin
622,CD-CH,0.1875,48,"['CD', 'CH']",0.155353745,0,0,0,0,0,0,0,0.012201411,0,0,0,0,0,Vancomycin
624,CD-CH,0.09375,48,"['CD', 'CH']",0.018967096,0,0,0,0,0,0,0,0.191651176,0,0,0,0,0,Vancomycin
625,CD,0.1875,48,['CD'],0.170270348,0,0,0,0,0,0,0,0,0,0,0,0,0,Vancomycin
626,CD,0.09375,48,['CD'],0.161543692,0,0,0,0,0,0,0,0,0,0,0,0,0,Vancomycin
627,CD-CH,3,48,"['CD', 'CH']",0.001117979,0,0,0,0,0,0,0,0.015814846,0,0,0,0,0,Vancomycin
628,CD-CH,1.5,48,"['CD', 'CH']",0.0010181,0,0,0,0,0,0,0,0.014372015,0,0,0,0,0,Vancomycin
629,CD-DP,1.5,48,"['CD', 'DP']",0.208863918,0,0.000459498,0,0,0,0,0,0,0,0,0,0,0,Metronidazole
630,CD-DP,12,48,"['CD', 'DP']",0.008650725,0,0.000476812,0,0,0,0,0,0,0,0,0,0,0,Metronidazole
632,CD-BO,3,48,"['CD', 'BO']",0.005571429,0,0,0,0,0,0,0,0,0.000857143,0,0,0,0,Metronidazole
633,CD-DP,6,48,"['CD', 'DP']",0.366983929,0,0.000144047,0,0,0,0,0,0,0,0,0,0,0,Metronidazole
634,CD-DP,0.75,48,"['CD', 'DP']",0.196567583,0,0.000754378,0,0,0,0,0,0,0,0,0,0,0,Metronidazole
635,CD-BO,12,48,"['CD', 'BO']",0.003384,0,0,0,0,0,0,0,0,0.000144,0,0,0,0,Metronidazole
636,CD-DP,3,48,"['CD', 'DP']",0.285802361,0,0.000115289,0,0,0,0,0,0,0,0,0,0,0,Metronidazole
637,CD-BO,1.5,48,"['CD', 'BO']",0.207533909,0,0,0,0,0,0,0,0,0.232469518,0,0,0,0,Metronidazole
638,CD-BO,6,48,"['CD', 'BO']",0.02733215,0,0,0,0,0,0,0,0,4.52E-05,0,0,0,0,Metronidazole
639,CD-BT,6,48,"['CD', 'BT']",0.008228571,0,0,0,0,0,0,0,0,0,0.00117551,0,0,0,Metronidazole
640,CD-BO,0.75,48,"['CD', 'BO']",0.204721032,0,0,0,0,0,0,0,0,0.146643023,0,0,0,0,Metronidazole
662,CD-BU,0,48,"['CD', 'BU']",0.026398315,0,0,0,0,0,0,0,0,0,0,0.528551068,0,0,Metronidazole
642,CD-BT,3,48,"['CD', 'BT']",0.007301587,0,0,0,0,0,0,0,0,0,0.002380952,0,0,0,Metronidazole
643,CD-FP,12,48,"['CD', 'FP']",0,0,0,0,0,0,0,0,0,0,0,0,0,0,Metronidazole
644,CD-BH,6,48,"['CD', 'BH']",0,0,0,0,0,0,0,0,0,0,0,0,0,0,Metronidazole
645,CD-BU,3,48,"['CD', 'BU']",0.003351111,0,0,0,0,0,0,0,0,0,0,0.001752593,0,0,Metronidazole
646,CD-FP,6,48,"['CD', 'FP']",0,0,0,0,0,0,0,0,0,0,0,0,0,0,Metronidazole
647,CD-BT,1.5,48,"['CD', 'BT']",0.299290687,0,0,0,0,0,0,0,0,0,0.258388742,0,0,0,Metronidazole
648,CD-BH,0.75,48,"['CD', 'BH']",0.169565792,0,0,0,0.000945562,0,0,0,0,0,0,0,0,0,Metronidazole
649,CD-FP,3,48,"['CD', 'FP']",0,0,0,0,0,0,0,0,0,0,0,0,0,0,Metronidazole
650,CD-BH,3,48,"['CD', 'BH']",0,0,0,0,0,0,0,0,0,0,0,0,0,0,Metronidazole
651,CD-BU,0.75,48,"['CD', 'BU']",0.216212677,0,0,0,0,0,0,0,0,0,0,0.385649238,0,0,Metronidazole
652,CD-FP,1.5,48,"['CD', 'FP']",0.203494354,0,0,0.000449463,0,0,0,0,0,0,0,0,0,0,Metronidazole
653,CD-BT,0.75,48,"['CD', 'BT']",0.233374555,0,0,0,0,0,0,0,0,0,0.197044114,0,0,0,Metronidazole
761,CD-BU,0,48,"['CD', 'BU']",0.030080332,0,0,0,0,0,0,0,0,0,0,0.553288813,0,0,Metronidazole
655,CD-FP,0.75,48,"['CD', 'FP']",0.168388586,0,0,0.04374043,0,0,0,0,0,0,0,0,0,0,Metronidazole
845,CD-BU,0,48,"['CD', 'BU']",0.031245074,0,0,0,0,0,0,0,0,0,0,0.566736977,0,0,Metronidazole
658,CD-BU,6,48,"['CD', 'BU']",0.004227523,0,0,0,0,0,0,0,0,0,0,0.002972477,0,0,Metronidazole
659,CD-BT,12,48,"['CD', 'BT']",0.006658065,0,0,0,0,0,0,0,0,0,0.001803226,0,0,0,Metronidazole
660,CD-BH,12,48,"['CD', 'BH']",0,0,0,0,0,0,0,0,0,0,0,0,0,0,Metronidazole
661,CD-BU,12,48,"['CD', 'BU']",0.002055814,0,0,0,0,0,0,0,0,0,0,0.001344186,0,0,Metronidazole
396,CD-BV,0,48,"['CD', 'BV']",0.051140853,0,0,0,0,0,0,0,0,0,0,0,0.410151687,0,Metronidazole
663,CD-BH,1.5,48,"['CD', 'BH']",0.228344164,0,0,0,0.000914007,0,0,0,0,0,0,0,0,0,Metronidazole
664,CD-BU,1.5,48,"['CD', 'BU']",0.211408706,0,0,0,0,0,0,0,0,0,0,0.230389217,0,0,Metronidazole
665,CD-BV,1.5,48,"['CD', 'BV']",0.35217364,0,0,0,0,0,0,0,0,0,0,0,0.020952952,0,Metronidazole
666,CD-CA,12,48,"['CD', 'CA']",0,0,0,0,0,0,0,0,0,0,0,0,0,0,Metronidazole
667,CD-CA,6,48,"['CD', 'CA']",0.000512906,0,0,0,0,0.031843628,0,0,0,0,0,0,0,0,Metronidazole
668,CD-BV,0.75,48,"['CD', 'BV']",0.560571093,0,0,0,0,0,0,0,0,0,0,0,0.15767178,0,Metronidazole
669,CD-CA,3,48,"['CD', 'CA']",0.000797073,0,0,0,0,0.229526286,0,0,0,0,0,0,0,0,Metronidazole
670,CD-PC,1.5,48,"['CD', 'PC']",0.245579694,0,0,0,0,0,0.02097917,0,0,0,0,0,0,0,Metronidazole
671,CD-CS,0.75,48,"['CD', 'CS']",0.191602093,0,0,0,0,0,0,0,0,0,0,0,0,0.000516374,Metronidazole
672,CD-CA,1.5,48,"['CD', 'CA']",0.141266159,0,0,0,0,0.172207759,0,0,0,0,0,0,0,0,Metronidazole
673,CD-BV,0,48,"['CD', 'BV']",0.034045939,0,0,0,0,0,0,0,0,0,0,0,0.497469328,0,Metronidazole
674,CD-CS,12,48,"['CD', 'CS']",0.000752941,0,0,0,0,0,0,0,0,0,0,0,0,2.82E-05,Metronidazole
675,CD-CA,0.75,48,"['CD', 'CA']",0.110250261,0,0,0,0,0.102838375,0,0,0,0,0,0,0,0,Metronidazole
676,CD-PC,0.75,48,"['CD', 'PC']",0.080553789,0,0,0,0,0,0.607814956,0,0,0,0,0,0,0,Metronidazole
677,CD-ER,12,48,"['CD', 'ER']",0,0,0,0,0,0,0,0,0,0,0,0,0,0,Metronidazole
770,CD-BV,0,48,"['CD', 'BV']",0.07085847,0,0,0,0,0,0,0,0,0,0,0,0.454688319,0,Metronidazole
679,CD-PC,12,48,"['CD', 'PC']",0.001338346,0,0,0,0,0,0.000631579,0,0,0,0,0,0,0,Metronidazole
680,CD-CS,6,48,"['CD', 'CS']",0.000761905,0,0,0,0,0,0,0,0,0,0,0,0,3.05E-05,Metronidazole
681,CD-BV,12,48,"['CD', 'BV']",0,0,0,0,0,0,0,0,0,0,0,0,0,0,Metronidazole
682,CD-PC,6,48,"['CD', 'PC']",0.002581197,0,0,0,0,0,0.001401709,0,0,0,0,0,0,0,Metronidazole
683,CD-BV,6,48,"['CD', 'BV']",0,0,0,0,0,0,0,0,0,0,0,0,0,0,Metronidazole
684,CD-CS,1.5,48,"['CD', 'CS']",0.217992622,0,0,0,0,0,0,0,0,0,0,0,0,0.00031685,Metronidazole
685,CD-BV,3,48,"['CD', 'BV']",0,0,0,0,0,0,0,0,0,0,0,0,0,0,Metronidazole
686,CD-PC,3,48,"['CD', 'PC']",0.001495455,0,0,0,0,0,0.000886364,0,0,0,0,0,0,0,Metronidazole
687,CD-CS,3,48,"['CD', 'CS']",0.333124079,0,0,0,0,0,0,0,0,0,0,0,0,0.001367398,Metronidazole
688,CD-ER,6,48,"['CD', 'ER']",0,0,0,0,0,0,0,0,0,0,0,0,0,0,Metronidazole
860,CD-BV,0,48,"['CD', 'BV']",0.080699089,0,0,0,0,0,0,0,0,0,0,0,0.486112996,0,Metronidazole
384,CD-CA,0,48,"['CD', 'CA']",0.143996669,0,0,0,0,0.220540133,0,0,0,0,0,0,0,0,Metronidazole
678,CD-CA,0,48,"['CD', 'CA']",0.1118,0,0,0,0,0.309254618,0,0,0,0,0,0,0,0,Metronidazole
692,CD-ER,3,48,"['CD', 'ER']",0,0,0,0,0,0,0,0,0,0,0,0,0,0,Metronidazole
693,CD-ER,1.5,48,"['CD', 'ER']",0.21396783,0.000185736,0,0,0,0,0,0,0,0,0,0,0,0,Metronidazole
694,CD-EL,12,48,"['CD', 'EL']",0.00011341,0,0,0,0,0,0,8.51E-05,0,0,0,0,0,0,Metronidazole
695,CD-ER,0.75,48,"['CD', 'ER']",0.171367432,0.000562283,0,0,0,0,0,0,0,0,0,0,0,0,Metronidazole
861,CD-CA,0,48,"['CD', 'CA']",0.085149042,0,0,0,0,0.402055972,0,0,0,0,0,0,0,0,Metronidazole
441,CD-CH,0,48,"['CD', 'CH']",0.047852923,0,0,0,0,0,0,0,0.171251925,0,0,0,0,0,Metronidazole
699,CD-EL,6,48,"['CD', 'EL']",0.000826739,0,0,0,0,0,0,0.011173261,0,0,0,0,0,0,Metronidazole
700,CD,3,48,['CD'],0.005876712,0,0,0,0,0,0,0,0,0,0,0,0,0,Metronidazole
701,CD,12,48,['CD'],0.005353846,0,0,0,0,0,0,0,0,0,0,0,0,0,Metronidazole
702,CD,12,48,['CD'],0.005402817,0,0,0,0,0,0,0,0,0,0,0,0,0,Metronidazole
703,CD-CH,3,48,"['CD', 'CH']",0.22306453,0,0,0,0,0,0,0,0.000483983,0,0,0,0,0,Metronidazole
704,CD,6,48,['CD'],0.005892857,0,0,0,0,0,0,0,0,0,0,0,0,0,Metronidazole
705,CD-EL,3,48,"['CD', 'EL']",0.409009892,0,0,0,0,0,0,0.092593658,0,0,0,0,0,0,Metronidazole
706,CD,1.5,48,['CD'],0.237321867,0,0,0,0,0,0,0,0,0,0,0,0,0,Metronidazole
707,CD,3,48,['CD'],0.014978198,0,0,0,0,0,0,0,0,0,0,0,0,0,Metronidazole
708,CD-EL,1.5,48,"['CD', 'EL']",0.271966581,0,0,0,0,0,0,0.028170585,0,0,0,0,0,0,Metronidazole
709,CD,1.5,48,['CD'],0.243153971,0,0,0,0,0,0,0,0,0,0,0,0,0,Metronidazole
711,CD,0.75,48,['CD'],0.175087388,0,0,0,0,0,0,0,0,0,0,0,0,0,Metronidazole
712,CD-EL,0.75,48,"['CD', 'EL']",0.219283199,0,0,0,0,0,0,0.026006861,0,0,0,0,0,0,Metronidazole
713,CD,0.75,48,['CD'],0.17555752,0,0,0,0,0,0,0,0,0,0,0,0,0,Metronidazole
714,CD-CH,1.5,48,"['CD', 'CH']",0.1845083,0,0,0,0,0,0,0,0.000619433,0,0,0,0,0,Metronidazole
715,CD,6,48,['CD'],0.008842373,0,0,0,0,0,0,0,0,0,0,0,0,0,Metronidazole
716,CD-CH,6,48,"['CD', 'CH']",0.002287129,0,0,0,0,0,0,0,0.002712871,0,0,0,0,0,Metronidazole
717,CD-CH,0.75,48,"['CD', 'CH']",0.173183573,0,0,0,0,0,0,0,0.000908921,0,0,0,0,0,Metronidazole
718,CD-CH,0,48,"['CD', 'CH']",0.050062175,0,0,0,0,0,0,0,0.174470523,0,0,0,0,0,Metronidazole
719,CD-DP,6,48,"['CD', 'DP']",0.377584022,0,0.000107989,0,0,0,0,0,0,0,0,0,0,0,Metronidazole
720,CD-DP,3,48,"['CD', 'DP']",0.345736295,0,0.000386421,0,0,0,0,0,0,0,0,0,0,0,Metronidazole
721,CD-BO,6,48,"['CD', 'BO']",0.024995844,0,0,0,0,0,0,0,0,0.000603117,0,0,0,0,Metronidazole
722,CD-FP,3,48,"['CD', 'FP']",0.188283295,0,0,0.000621145,0,0,0,0,0,0,0,0,0,0,Metronidazole
723,CD-DP,1.5,48,"['CD', 'DP']",0.254014707,0,0.00028692,0,0,0,0,0,0,0,0,0,0,0,Metronidazole
724,CD-BO,0.75,48,"['CD', 'BO']",0.241431595,0,0,0,0,0,0,0,0,0.242913366,0,0,0,0,Metronidazole
725,CD-BO,3,48,"['CD', 'BO']",0.024787835,0,0,0,0,0,0,0,0,0.001294404,0,0,0,0,Metronidazole
726,CD-FP,0.75,48,"['CD', 'FP']",0.197889757,0,0,0.04296773,0,0,0,0,0,0,0,0,0,0,Metronidazole
727,CD-DP,0.75,48,"['CD', 'DP']",0.232726489,0,0.001175076,0,0,0,0,0,0,0,0,0,0,0,Metronidazole
802,CD-CH,0,48,"['CD', 'CH']",0.090581568,0,0,0,0,0,0,0,0.166157967,0,0,0,0,0,Metronidazole
731,CD-DP,12,48,"['CD', 'DP']",0.067538387,0,3.26E-05,0,0,0,0,0,0,0,0,0,0,0,Metronidazole
732,CD-BO,12,48,"['CD', 'BO']",0.015192638,0,0,0,0,0,0,0,0,0.001006135,0,0,0,0,Metronidazole
733,CD-FP,12,48,"['CD', 'FP']",0,0,0,0,0,0,0,0,0,0,0,0,0,0,Metronidazole
898,CD-CH,0,48,"['CD', 'CH']",0.086855891,0,0,0,0,0,0,0,0.170634016,0,0,0,0,0,Metronidazole
735,CD-BO,1.5,48,"['CD', 'BO']",0.241455129,0,0,0,0,0,0,0,0,0.159039944,0,0,0,0,Metronidazole
736,CD-FP,1.5,48,"['CD', 'FP']",0.234908612,0,0,0.000441417,0,0,0,0,0,0,0,0,0,0,Metronidazole
737,CD-BH,1.5,48,"['CD', 'BH']",0.25075595,0,0,0,0.000803471,0,0,0,0,0,0,0,0,0,Metronidazole
738,CD-BT,12,48,"['CD', 'BT']",0.019731408,0,0,0,0,0,0,0,0,0,0.004140072,0,0,0,Metronidazole
739,CD-BT,6,48,"['CD', 'BT']",0.024823978,0,0,0,0,0,0,0,0,0,0.004057766,0,0,0,Metronidazole
740,CD-BH,0.75,48,"['CD', 'BH']",0.215393785,0,0,0,0.000757842,0,0,0,0,0,0,0,0,0,Metronidazole
741,CD-BT,3,48,"['CD', 'BT']",0.146867789,0,0,0,0,0,0,0,0,0,0.024667297,0,0,0,Metronidazole
742,CD-BU,1.5,48,"['CD', 'BU']",0.270278417,0,0,0,0,0,0,0,0,0,0,0.426728264,0,0,Metronidazole
743,CD-CA,0.75,48,"['CD', 'CA']",0.130275217,0,0,0,0,0.136774252,0,0,0,0,0,0,0,0,Metronidazole
744,CD-BT,1.5,48,"['CD', 'BT']",0.391020524,0,0,0,0,0,0,0,0,0,0.313243025,0,0,0,Metronidazole
430,CD-CS,0,48,"['CD', 'CS']",0.110993301,0,0,0,0,0,0,0,0,0,0,0,0,0.046425769,Metronidazole
746,CD-CA,12,48,"['CD', 'CA']",0.00319998,0,0,0,0,0.058150504,0,0,0,0,0,0,0,0,Metronidazole
747,CD-BT,0.75,48,"['CD', 'BT']",0.191803859,0,0,0,0,0,0,0,0,0,0.38481699,0,0,0,Metronidazole
748,CD-BU,0.75,48,"['CD', 'BU']",0.14488437,0,0,0,0,0,0,0,0,0,0,0.643299061,0,0,Metronidazole
749,CD-BV,12,48,"['CD', 'BV']",0.006918095,0,0,0,0,0,0,0,0,0,0,0,0.008990476,0,Metronidazole
690,CD-CS,0,48,"['CD', 'CS']",0.136255932,0,0,0,0,0,0,0,0,0,0,0,0,0.044321718,Metronidazole
751,CD-BU,12,48,"['CD', 'BU']",0.017757755,0,0,0,0,0,0,0,0,0,0,0.008333593,0,0,Metronidazole
752,CD-CA,6,48,"['CD', 'CA']",0.000484322,0,0,0,0,0.244210182,0,0,0,0,0,0,0,0,Metronidazole
753,CD-BH,12,48,"['CD', 'BH']",0.003110859,0,0,0,0.005258509,0,0,0,0,0,0,0,0,0,Metronidazole
754,CD-BU,6,48,"['CD', 'BU']",0.015862921,0,0,0,0,0,0,0,0,0,0,0.007361798,0,0,Metronidazole
755,CD-BH,6,48,"['CD', 'BH']",0.004902115,0,0,0,0.00740744,0,0,0,0,0,0,0,0,0,Metronidazole
756,CD-CA,1.5,48,"['CD', 'CA']",0.184577601,0,0,0,0,0.197615449,0,0,0,0,0,0,0,0,Metronidazole
757,CD-BH,3,48,"['CD', 'BH']",0.004266587,0,0,0,0.007455967,0,0,0,0,0,0,0,0,0,Metronidazole
758,CD-BU,3,48,"['CD', 'BU']",0.023645383,0,0,0,0,0,0,0,0,0,0,0.000737067,0,0,Metronidazole
759,CD-CA,3,48,"['CD', 'CA']",0.165104477,0,0,0,0,0.405365887,0,0,0,0,0,0,0,0,Metronidazole
760,CD-BV,6,48,"['CD', 'BV']",0.008491857,0,0,0,0,0,0,0,0,0,0,0,0.007205212,0,Metronidazole
768,CD-CS,0,48,"['CD', 'CS']",0.1317098,0,0,0,0,0,0,0,0,0,0,0,0,0.056131528,Metronidazole
866,CD-CS,0,48,"['CD', 'CS']",0.141597284,0,0,0,0,0,0,0,0,0,0,0,0,0.047018033,Metronidazole
764,CD-BV,3,48,"['CD', 'BV']",0.073016333,0,0,0,0,0,0,0,0,0,0,0,0.000769673,0,Metronidazole
765,CD-BV,1.5,48,"['CD', 'BV']",0.50731789,0,0,0,0,0,0,0,0,0,0,0,0.071798949,0,Metronidazole
766,CD-CS,12,48,"['CD', 'CS']",0.041567663,0,0,0,0,0,0,0,0,0,0,0,0,0.001462566,Metronidazole
767,CD-BV,0.75,48,"['CD', 'BV']",0.062927434,0,0,0,0,0,0,0,0,0,0,0,0.58875849,0,Metronidazole
436,CD-EL,0,48,"['CD', 'EL']",0.218466715,0,0,0,0,0,0,0.027330705,0,0,0,0,0,0,Metronidazole
696,CD-EL,0,48,"['CD', 'EL']",0.22179259,0,0,0,0,0,0,0.026453387,0,0,0,0,0,0,Metronidazole
771,CD-CS,6,48,"['CD', 'CS']",0.018195573,0,0,0,0,0,0,0,0,0,0,0,0,0.000618109,Metronidazole
772,CD-ER,3,48,"['CD', 'ER']",0.031869697,0.000120579,0,0,0,0,0,0,0,0,0,0,0,0,Metronidazole
773,CD-PC,12,48,"['CD', 'PC']",0.01457931,0,0,0,0,0,0.007724138,0,0,0,0,0,0,0,Metronidazole
774,CD-ER,12,48,"['CD', 'ER']",0,0,0,0,0,0,0,0,0,0,0,0,0,0,Metronidazole
775,CD,3,48,['CD'],0.023347863,0,0,0,0,0,0,0,0,0,0,0,0,0,Metronidazole
776,CD-PC,6,48,"['CD', 'PC']",0.013592799,0,0,0,0,0,0.007918822,0,0,0,0,0,0,0,Metronidazole
777,CD-CS,3,48,"['CD', 'CS']",0.559836061,0,0,0,0,0,0,0,0,0,0,0,0,0.000698458,Metronidazole
778,CD-ER,1.5,48,"['CD', 'ER']",0.291162297,0.000338225,0,0,0,0,0,0,0,0,0,0,0,0,Metronidazole
779,CD-PC,3,48,"['CD', 'PC']",0.006074689,0,0,0,0,0,0.006013942,0,0,0,0,0,0,0,Metronidazole
780,CD-CS,1.5,48,"['CD', 'CS']",0.266591513,0,0,0,0,0,0,0,0,0,0,0,0,0.000567373,Metronidazole
781,CD-PC,1.5,48,"['CD', 'PC']",0.213036809,0,0,0,0,0,0.219511808,0,0,0,0,0,0,0,Metronidazole
805,CD-EL,0,48,"['CD', 'EL']",0.220286138,0,0,0,0,0,0,0.043057995,0,0,0,0,0,0,Metronidazole
783,CD-PC,0.75,48,"['CD', 'PC']",0.072387364,0,0,0,0,0,0.750661484,0,0,0,0,0,0,0,Metronidazole
784,CD-CS,0.75,48,"['CD', 'CS']",0.221777131,0,0,0,0,0,0,0,0,0,0,0,0,0.00095422,Metronidazole
785,CD-ER,0.75,48,"['CD', 'ER']",0.213824935,0.001156609,0,0,0,0,0,0,0,0,0,0,0,0,Metronidazole
786,CD,1.5,48,['CD'],0.353143641,0,0,0,0,0,0,0,0,0,0,0,0,0,Metronidazole
787,CD-ER,6,48,"['CD', 'ER']",0,0,0,0,0,0,0,0,0,0,0,0,0,0,Metronidazole
788,CD,6,48,['CD'],0.020241245,0,0,0,0,0,0,0,0,0,0,0,0,0,Metronidazole
789,CD,6,48,['CD'],0.020369832,0,0,0,0,0,0,0,0,0,0,0,0,0,Metronidazole
790,CD,0.75,48,['CD'],0.21016118,0,0,0,0,0,0,0,0,0,0,0,0,0,Metronidazole
893,CD-EL,0,48,"['CD', 'EL']",0.196534129,0,0,0,0,0,0,0.058664861,0,0,0,0,0,0,Metronidazole
792,CD,3,48,['CD'],0.013734426,0,0,0,0,0,0,0,0,0,0,0,0,0,Metronidazole
793,CD-EL,12,48,"['CD', 'EL']",0.043080795,0,0,0,0,0,0,0.003099338,0,0,0,0,0,0,Metronidazole
794,CD-CH,6,48,"['CD', 'CH']",0.020073962,0,0,0,0,0,0,0,0.001297825,0,0,0,0,0,Metronidazole
795,CD-EL,6,48,"['CD', 'EL']",0.008701449,0,0,0,0,0,0,0.006305797,0,0,0,0,0,0,Metronidazole
796,CD,1.5,48,['CD'],0.333954211,0,0,0,0,0,0,0,0,0,0,0,0,0,Metronidazole
798,CD-EL,3,48,"['CD', 'EL']",0.170828532,0,0,0,0,0,0,0.003954851,0,0,0,0,0,0,Metronidazole
799,CD-CH,3,48,"['CD', 'CH']",0.341714364,0,0,0,0,0,0,0,0.001395048,0,0,0,0,0,Metronidazole
800,CD-EL,1.5,48,"['CD', 'EL']",0.289565717,0,0,0,0,0,0,0.033712617,0,0,0,0,0,0,Metronidazole
801,CD,0.75,48,['CD'],0.17135649,0,0,0,0,0,0,0,0,0,0,0,0,0,Metronidazole
428,CD-ER,0,48,"['CD', 'ER']",0.072653769,0.060874303,0,0,0,0,0,0,0,0,0,0,0,0,Metronidazole
803,CD-EL,0.75,48,"['CD', 'EL']",0.23066251,0,0,0,0,0,0,0.024841035,0,0,0,0,0,0,Metronidazole
698,CD-ER,0,48,"['CD', 'ER']",0.086998443,0.122896749,0,0,0,0,0,0,0,0,0,0,0,0,Metronidazole
806,CD,12,48,['CD'],0.02217197,0,0,0,0,0,0,0,0,0,0,0,0,0,Metronidazole
807,CD-CH,12,48,"['CD', 'CH']",0.017984733,0,0,0,0,0,0,0,0.018854962,0,0,0,0,0,Metronidazole
808,CD-CH,1.5,48,"['CD', 'CH']",0.222970251,0,0,0,0,0,0,0,0.000713584,0,0,0,0,0,Metronidazole
809,CD-DP,0.75,48,"['CD', 'DP']",0.218988711,0,0.000498088,0,0,0,0,0,0,0,0,0,0,0,Metronidazole
810,CD-DP,12,48,"['CD', 'DP']",0.054294222,0,6.04E-05,0,0,0,0,0,0,0,0,0,0,0,Metronidazole
811,CD-BO,12,48,"['CD', 'BO']",0.023966724,0,0,0,0,0,0,0,0,0.000804853,0,0,0,0,Metronidazole
812,CD-DP,6,48,"['CD', 'DP']",0.38550684,0,0.000352929,0,0,0,0,0,0,0,0,0,0,0,Metronidazole
813,CD-DP,1.5,48,"['CD', 'DP']",0.233261426,0,0.000257961,0,0,0,0,0,0,0,0,0,0,0,Metronidazole
814,CD-DP,3,48,"['CD', 'DP']",0.318902362,0,0.000599055,0,0,0,0,0,0,0,0,0,0,0,Metronidazole
815,CD-BO,6,48,"['CD', 'BO']",0.033396891,0,0,0,0,0,0,0,0,0.000108808,0,0,0,0,Metronidazole
782,CD-ER,0,48,"['CD', 'ER']",0.225606943,0.006330133,0,0,0,0,0,0,0,0,0,0,0,0,Metronidazole
818,CD-BO,3,48,"['CD', 'BO']",0.219771651,0,0,0,0,0,0,0,0,0.270185548,0,0,0,0,Metronidazole
819,CD-BO,1.5,48,"['CD', 'BO']",0.239543118,0,0,0,0,0,0,0,0,0.344026277,0,0,0,0,Metronidazole
820,CD-BT,12,48,"['CD', 'BT']",0.022504918,0,0,0,0,0,0,0,0,0,0.004603279,0,0,0,Metronidazole
821,CD-BO,0.75,48,"['CD', 'BO']",0.151416674,0,0,0,0,0,0,0,0,0.33588412,0,0,0,0,Metronidazole
882,CD-ER,0,48,"['CD', 'ER']",0.197580306,0.006265296,0,0,0,0,0,0,0,0,0,0,0,0,Metronidazole
823,CD-BU,12,48,"['CD', 'BU']",0.015146667,0,0,0,0,0,0,0,0,0,0,0.012362353,0,0,Metronidazole
367,CD-FP,0,48,"['CD', 'FP']",0.131524244,0,0,0.091636464,0,0,0,0,0,0,0,0,0,0,Metronidazole
825,CD-BT,6,48,"['CD', 'BT']",0.250506614,0,0,0,0,0,0,0,0,0,0.025958624,0,0,0,Metronidazole
826,CD-BH,3,48,"['CD', 'BH']",0.00478106,0,0,0,0.00999053,0,0,0,0,0,0,0,0,0,Metronidazole
827,CD-FP,12,48,"['CD', 'FP']",0,0,0,0,0,0,0,0,0,0,0,0,0,0,Metronidazole
828,CD-BH,12,48,"['CD', 'BH']",0.004744444,0,0,0,0.007310317,0,0,0,0,0,0,0,0,0,Metronidazole
829,CD-BU,3,48,"['CD', 'BU']",0.276239188,0,0,0,0,0,0,0,0,0,0,0.128964324,0,0,Metronidazole
830,CD-FP,6,48,"['CD', 'FP']",0,0,0,0,0,0,0,0,0,0,0,0,0,0,Metronidazole
831,CD-BT,3,48,"['CD', 'BT']",0.313821198,0,0,0,0,0,0,0,0,0,0.013210385,0,0,0,Metronidazole
832,CD-BH,1.5,48,"['CD', 'BH']",0.266393833,0,0,0,0.001286493,0,0,0,0,0,0,0,0,0,Metronidazole
833,CD-FP,3,48,"['CD', 'FP']",0.014500238,0,0,0.001688761,0,0,0,0,0,0,0,0,0,0,Metronidazole
834,CD-BT,1.5,48,"['CD', 'BT']",0.315844422,0,0,0,0,0,0,0,0,0,0.37785839,0,0,0,Metronidazole
835,CD-FP,1.5,48,"['CD', 'FP']",0.253140786,0,0,0.000791022,0,0,0,0,0,0,0,0,0,0,Metronidazole
734,CD-FP,0,48,"['CD', 'FP']",0.180491668,0,0,0.106307808,0,0,0,0,0,0,0,0,0,0,Metronidazole
837,CD-FP,0.75,48,"['CD', 'FP']",0.184215181,0,0,0.043634981,0,0,0,0,0,0,0,0,0,0,Metronidazole
838,CD-BT,0.75,48,"['CD', 'BT']",0.103271191,0,0,0,0,0,0,0,0,0,0.444221489,0,0,0,Metronidazole
839,CD-BH,0.75,48,"['CD', 'BH']",0.20874449,0,0,0,0.000791802,0,0,0,0,0,0,0,0,0,Metronidazole
840,CD-BU,1.5,48,"['CD', 'BU']",0.201605951,0,0,0,0,0,0,0,0,0,0,0.622019727,0,0,Metronidazole
841,CD-BH,6,48,"['CD', 'BH']",0.006954245,0,0,0,0.007541376,0,0,0,0,0,0,0,0,0,Metronidazole
842,CD-BU,6,48,"['CD', 'BU']",0.047375956,0,0,0,0,0,0,0,0,0,0,0.000528602,0,0,Metronidazole
843,CD-BV,6,48,"['CD', 'BV']",0.005785714,0,0,0,0,0,0,0,0,0,0,0,0.006,0,Metronidazole
844,CD-BU,0.75,48,"['CD', 'BU']",0.065619327,0,0,0,0,0,0,0,0,0,0,0.67537075,0,0,Metronidazole
817,CD-FP,0,48,"['CD', 'FP']",0.17377931,0,0,0.099668966,0,0,0,0,0,0,0,0,0,0,Metronidazole
847,CD-CA,12,48,"['CD', 'CA']",0.000780329,0,0,0,0,0.029207035,0,0,0,0,0,0,0,0,Metronidazole
848,CD-PC,6,48,"['CD', 'PC']",0.036453766,0,0,0,0,0,0.000928951,0,0,0,0,0,0,0,Metronidazole
849,CD-CS,3,48,"['CD', 'CS']",0.323676467,0,0,0,0,0,0,0,0,0,0,0,0,0.000762282,Metronidazole
850,CD-CA,6,48,"['CD', 'CA']",0.000922727,0,0,0,0,0.093631818,0,0,0,0,0,0,0,0,Metronidazole
851,CD-BV,1.5,48,"['CD', 'BV']",0.422831278,0,0,0,0,0,0,0,0,0,0,0,0.229831527,0,Metronidazole
852,CD-PC,0.75,48,"['CD', 'PC']",0.069577886,0,0,0,0,0,0.590531515,0,0,0,0,0,0,0,Metronidazole
853,CD-CA,3,48,"['CD', 'CA']",0.049207485,0,0,0,0,0.203784371,0,0,0,0,0,0,0,0,Metronidazole
854,CD-PC,3,48,"['CD', 'PC']",0.013279042,0,0,0,0,0,0.006283832,0,0,0,0,0,0,0,Metronidazole
855,CD-CS,0.75,48,"['CD', 'CS']",0.222668085,0,0,0,0,0,0,0,0,0,0,0,0,0.000634326,Metronidazole
856,CD-CA,1.5,48,"['CD', 'CA']",0.180478689,0,0,0,0,0.187227102,0,0,0,0,0,0,0,0,Metronidazole
857,CD-BV,0.75,48,"['CD', 'BV']",0.021085355,0,0,0,0,0,0,0,0,0,0,0,0.565213855,0,Metronidazole
415,CD-PC,0,48,"['CD', 'PC']",0.009452265,0,0,0,0,0,0.629947735,0,0,0,0,0,0,0,Metronidazole
859,CD-CA,0.75,48,"['CD', 'CA']",0.135137211,0,0,0,0,0.139353446,0,0,0,0,0,0,0,0,Metronidazole
689,CD-PC,0,48,"['CD', 'PC']",0.015937465,0,0,0,0,0,0.656871668,0,0,0,0,0,0,0,Metronidazole
763,CD-PC,0,48,"['CD', 'PC']",0.006575612,0,0,0,0,0,0.712291547,0,0,0,0,0,0,0,Metronidazole
862,CD-CS,6,48,"['CD', 'CS']",0.027628436,0,0,0,0,0,0,0,0,0,0,0,0,0.00022504,Metronidazole
863,CD-BV,12,48,"['CD', 'BV']",0.010674058,0,0,0,0,0,0,0,0,0,0,0,0.005729638,0,Metronidazole
864,CD-PC,12,48,"['CD', 'PC']",0.012011401,0,0,0,0,0,0.007355819,0,0,0,0,0,0,0,Metronidazole
865,CD-CS,12,48,"['CD', 'CS']",0.015617105,0,0,0,0,0,0,0,0,0,0,0,0,0.000218421,Metronidazole
858,CD-PC,0,48,"['CD', 'PC']",0.019273231,0,0,0,0,0,0.570929966,0,0,0,0,0,0,0,Metronidazole
867,CD-PC,1.5,48,"['CD', 'PC']",0.281398441,0,0,0,0,0,0.122532374,0,0,0,0,0,0,0,Metronidazole
868,CD-CS,1.5,48,"['CD', 'CS']",0.272649467,0,0,0,0,0,0,0,0,0,0,0,0,0.001043506,Metronidazole
869,CD,1.5,48,['CD'],0.303655581,0,0,0,0,0,0,0,0,0,0,0,0,0,Metronidazole
870,CD-ER,12,48,"['CD', 'ER']",0.00071751,7.16E-05,0,0,0,0,0,0,0,0,0,0,0,0,Metronidazole
871,CD-ER,6,48,"['CD', 'ER']",0.001078495,0.000112903,0,0,0,0,0,0,0,0,0,0,0,0,Metronidazole
872,CD,0.75,48,['CD'],0.214693633,0,0,0,0,0,0,0,0,0,0,0,0,0,Metronidazole
873,CD-ER,3,48,"['CD', 'ER']",0.030419108,0.000172278,0,0,0,0,0,0,0,0,0,0,0,0,Metronidazole
874,CD-EL,1.5,48,"['CD', 'EL']",0.29787802,0,0,0,0,0,0,0.010242376,0,0,0,0,0,0,Metronidazole
875,CD,0.75,48,['CD'],0.220304641,0,0,0,0,0,0,0,0,0,0,0,0,0,Metronidazole
876,CD-ER,1.5,48,"['CD', 'ER']",0.268565369,0.000518282,0,0,0,0,0,0,0,0,0,0,0,0,Metronidazole
434,CD,0,48,['CD'],0.158934325,0,0,0,0,0,0,0,0,0,0,0,0,0,Metronidazole
878,CD,12,48,['CD'],0.0066,0,0,0,0,0,0,0,0,0,0,0,0,0,Metronidazole
879,CD-ER,0.75,48,"['CD', 'ER']",0.213395332,0.001760218,0,0,0,0,0,0,0,0,0,0,0,0,Metronidazole
880,CD-EL,0.75,48,"['CD', 'EL']",0.230775682,0,0,0,0,0,0,0.065769492,0,0,0,0,0,0,Metronidazole
881,CD-CH,12,48,"['CD', 'CH']",0.006374614,0,0,0,0,0,0,0,0.012956346,0,0,0,0,0,Metronidazole
691,CD,0,48,['CD'],0.179742843,0,0,0,0,0,0,0,0,0,0,0,0,0,Metronidazole
883,CD-EL,12,48,"['CD', 'EL']",0.0138,0,0,0,0,0,0,0.002933333,0,0,0,0,0,0,Metronidazole
884,CD,6,48,['CD'],0.024566478,0,0,0,0,0,0,0,0,0,0,0,0,0,Metronidazole
885,CD,12,48,['CD'],0.025491857,0,0,0,0,0,0,0,0,0,0,0,0,0,Metronidazole
886,CD-EL,6,48,"['CD', 'EL']",0.016199216,0,0,0,0,0,0,0.001876078,0,0,0,0,0,0,Metronidazole
887,CD,6,48,['CD'],0.026296442,0,0,0,0,0,0,0,0,0,0,0,0,0,Metronidazole
888,CD,1.5,48,['CD'],0.34585299,0,0,0,0,0,0,0,0,0,0,0,0,0,Metronidazole
889,CD,3,48,['CD'],0.344447282,0,0,0,0,0,0,0,0,0,0,0,0,0,Metronidazole
890,CD-EL,3,48,"['CD', 'EL']",0.033969808,0,0,0,0,0,0,0.000443061,0,0,0,0,0,0,Metronidazole
891,CD,3,48,['CD'],0.109736561,0,0,0,0,0,0,0,0,0,0,0,0,0,Metronidazole
892,CD-CH,6,48,"['CD', 'CH']",0.089911412,0,0,0,0,0,0,0,0.001627099,0,0,0,0,0,Metronidazole
791,CD,0,48,['CD'],0.195366643,0,0,0,0,0,0,0,0,0,0,0,0,0,Metronidazole
877,CD,0,48,['CD'],0.189173386,0,0,0,0,0,0,0,0,0,0,0,0,0,Metronidazole
895,CD-CH,3,48,"['CD', 'CH']",0.334576898,0,0,0,0,0,0,0,0.001693651,0,0,0,0,0,Metronidazole
896,CD-CH,1.5,48,"['CD', 'CH']",0.234879953,0,0,0,0,0,0,0,0.001626567,0,0,0,0,0,Metronidazole
897,CD-CH,0.75,48,"['CD', 'CH']",0.198885964,0,0,0,0,0,0,0,0.002474355,0,0,0,0,0,Metronidazole
894,CD,0,48,['CD'],0.194604902,0,0,0,0,0,0,0,0,0,0,0,0,0,Metronidazole
899,CD-BO,1.5,48,"['CD', 'BO']",0.001317668,0,0,0,0,0,0,0,0,0.542703393,0,0,0,0,Vancomycin
900,CD-BO,0.75,48,"['CD', 'BO']",0.001687441,0,0,0,0,0,0,0,0,0.457343353,0,0,0,0,Vancomycin
901,CD-DP,3,48,"['CD', 'DP']",0.000737998,0,0.095044535,0,0,0,0,0,0,0,0,0,0,0,Vancomycin
902,CD-FP,1.5,48,"['CD', 'FP']",0,0,0,0,0,0,0,0,0,0,0,0,0,0,Vancomycin
903,CD-BT,0.75,48,"['CD', 'BT']",0.001382116,0,0,0,0,0,0,0,0,0,0.576987531,0,0,0,Vancomycin
904,CD-DP,1.5,48,"['CD', 'DP']",0.000865905,0,0.090681792,0,0,0,0,0,0,0,0,0,0,0,Vancomycin
905,CD-BO,0.375,48,"['CD', 'BO']",0.006026012,0,0,0,0,0,0,0,0,0.526389889,0,0,0,0,Vancomycin
906,CD-FP,0.1875,48,"['CD', 'FP']",0.165352503,0,0,0.090280245,0,0,0,0,0,0,0,0,0,0,Vancomycin
907,CD-DP,0.75,48,"['CD', 'DP']",0.000974001,0,0.094777298,0,0,0,0,0,0,0,0,0,0,0,Vancomycin
908,CD-FP,0.75,48,"['CD', 'FP']",0.003177033,0,0,0.004478469,0,0,0,0,0,0,0,0,0,0,Vancomycin
909,CD-BT,0.1875,48,"['CD', 'BT']",0.001355735,0,0,0,0,0,0,0,0,0,0.574805018,0,0,0,Vancomycin
911,CD-BO,0.1875,48,"['CD', 'BO']",0.006456506,0,0,0,0,0,0,0,0,0.513634043,0,0,0,0,Vancomycin
912,CD-FP,0.09375,48,"['CD', 'FP']",0.146041041,0,0,0.099370199,0,0,0,0,0,0,0,0,0,0,Vancomycin
913,CD-DP,0.1875,48,"['CD', 'DP']",0.136461602,0,0.075553052,0,0,0,0,0,0,0,0,0,0,0,Vancomycin
914,CD-BO,0.09375,48,"['CD', 'BO']",0.007099543,0,0,0,0,0,0,0,0,0.521301593,0,0,0,0,Vancomycin
916,CD-BT,1.5,48,"['CD', 'BT']",0.000997079,0,0,0,0,0,0,0,0,0,0.590270562,0,0,0,Vancomycin
917,CD-BO,3,48,"['CD', 'BO']",0.001348935,0,0,0,0,0,0,0,0,0.52386284,0,0,0,0,Vancomycin
918,CD-FP,3,48,"['CD', 'FP']",0.000179336,0,0,0.000400738,0,0,0,0,0,0,0,0,0,0,Vancomycin
919,CD-BT,3,48,"['CD', 'BT']",0.001105022,0,0,0,0,0,0,0,0,0,0.587006712,0,0,0,Vancomycin
920,CD-BT,0.09375,48,"['CD', 'BT']",0.001772309,0,0,0,0,0,0,0,0,0,0.538319464,0,0,0,Vancomycin
921,CD-FP,0.375,48,"['CD', 'FP']",0.167509548,0,0,0.054141235,0,0,0,0,0,0,0,0,0,0,Vancomycin
922,CD-BT,0.375,48,"['CD', 'BT']",0.001822331,0,0,0,0,0,0,0,0,0,0.552107391,0,0,0,Vancomycin
923,CD-BU,0.375,48,"['CD', 'BU']",0.021124362,0,0,0,0,0,0,0,0,0,0,0.396272664,0,0,Vancomycin
924,CD-BH,3,48,"['CD', 'BH']",0.001862069,0,0,0,0.007506897,0,0,0,0,0,0,0,0,0,Vancomycin
925,CD-BH,1.5,48,"['CD', 'BH']",0.002037126,0,0,0,0.008698204,0,0,0,0,0,0,0,0,0,Vancomycin
926,CD-BU,0.1875,48,"['CD', 'BU']",0.029477901,0,0,0,0,0,0,0,0,0,0,0.443070906,0,0,Vancomycin
927,CD-BH,0.75,48,"['CD', 'BH']",0.00206951,0,0,0,0.008085089,0,0,0,0,0,0,0,0,0,Vancomycin
929,CD-BV,0.1875,48,"['CD', 'BV']",0.025783524,0,0,0,0,0,0,0,0,0,0,0,0.470722749,0,Vancomycin
930,CD-BH,0.375,48,"['CD', 'BH']",0.232651794,0,0,0,0.002692575,0,0,0,0,0,0,0,0,0,Vancomycin
931,CD-BU,0.09375,48,"['CD', 'BU']",0.034995771,0,0,0,0,0,0,0,0,0,0,0.507044502,0,0,Vancomycin
932,CD-BV,3,48,"['CD', 'BV']",0.003501099,0,0,0,0,0,0,0,0,0,0,0,0.27723956,0,Vancomycin
933,CD-BH,0.1875,48,"['CD', 'BH']",0.170411217,0,0,0,0.05815765,0,0,0,0,0,0,0,0,0,Vancomycin
935,CD-PC,3,48,"['CD', 'PC']",0.000474561,0,0,0,0,0,0.43498307,0,0,0,0,0,0,0,Vancomycin
936,CD-BH,0.09375,48,"['CD', 'BH']",0.171353487,0,0,0,0.061104386,0,0,0,0,0,0,0,0,0,Vancomycin
938,CD-BV,1.5,48,"['CD', 'BV']",0.003837245,0,0,0,0,0,0,0,0,0,0,0,0.468638973,0,Vancomycin
939,CD-BU,3,48,"['CD', 'BU']",0.000989324,0,0,0,0,0,0,0,0,0,0,0.399736476,0,0,Vancomycin
940,CD-CA,1.5,48,"['CD', 'CA']",0.002479012,0,0,0,0,0.004251852,0,0,0,0,0,0,0,0,Vancomycin
941,CD-BU,1.5,48,"['CD', 'BU']",0.00113386,0,0,0,0,0,0,0,0,0,0,0.38261986,0,0,Vancomycin
942,CD-BV,0.375,48,"['CD', 'BV']",0.049726316,0,0,0,0,0,0,0,0,0,0,0,0.420778626,0,Vancomycin
943,CD-BU,0.75,48,"['CD', 'BU']",0.001337588,0,0,0,0,0,0,0,0,0,0,0.397682737,0,0,Vancomycin
944,CD-CA,0.75,48,"['CD', 'CA']",0.006462843,0,0,0,0,0.006101535,0,0,0,0,0,0,0,0,Vancomycin
946,CD-PC,1.5,48,"['CD', 'PC']",0.000874479,0,0,0,0,0,0.432767779,0,0,0,0,0,0,0,Vancomycin
947,CD-CA,0.09375,48,"['CD', 'CA']",0.163910324,0,0,0,0,0.260537324,0,0,0,0,0,0,0,0,Vancomycin
948,CD-BV,0.09375,48,"['CD', 'BV']",0.026715774,0,0,0,0,0,0,0,0,0,0,0,0.467600675,0,Vancomycin
949,CD-CS,0.09375,48,"['CD', 'CS']",0.103618092,0,0,0,0,0,0,0,0,0,0,0,0,0.067105145,Vancomycin
950,CD-PC,0.75,48,"['CD', 'PC']",0.001095846,0,0,0,0,0,0.414533252,0,0,0,0,0,0,0,Vancomycin
951,CD-PC,0.375,48,"['CD', 'PC']",0.004789691,0,0,0,0,0,0.466931544,0,0,0,0,0,0,0,Vancomycin
952,CD-ER,3,48,"['CD', 'ER']",0,0,0,0,0,0,0,0,0,0,0,0,0,0,Vancomycin
953,CD-PC,0.1875,48,"['CD', 'PC']",0.01146763,0,0,0,0,0,0.541666325,0,0,0,0,0,0,0,Vancomycin
955,CD-EL,3,48,"['CD', 'EL']",0.002899692,0,0,0,0,0,0,0.012237949,0,0,0,0,0,0,Vancomycin
956,CD-PC,0.09375,48,"['CD', 'PC']",0.016256149,0,0,0,0,0,0.530724569,0,0,0,0,0,0,0,Vancomycin
958,CD,0.75,48,['CD'],0.018226959,0,0,0,0,0,0,0,0,0,0,0,0,0,Vancomycin
959,CD-CS,3,48,"['CD', 'CS']",0,0,0,0,0,0,0,0,0,0,0,0,0,0,Vancomycin
960,CD,3,48,['CD'],0.0235,0,0,0,0,0,0,0,0,0,0,0,0,0,Vancomycin
961,CD-EL,0.75,48,"['CD', 'EL']",0.036775284,0,0,0,0,0,0,0.066928669,0,0,0,0,0,0,Vancomycin
964,CD,0.375,48,['CD'],0.231129256,0,0,0,0,0,0,0,0,0,0,0,0,0,Vancomycin
966,CD-ER,0.375,48,"['CD', 'ER']",0.177266297,0.002432355,0,0,0,0,0,0,0,0,0,0,0,0,Vancomycin
968,CD,0.09375,48,['CD'],0.17549282,0,0,0,0,0,0,0,0,0,0,0,0,0,Vancomycin
969,CD-CS,0.1875,48,"['CD', 'CS']",0.104962799,0,0,0,0,0,0,0,0,0,0,0,0,0.059647476,Vancomycin
972,CD-EL,0.375,48,"['CD', 'EL']",0.200781331,0,0,0,0,0,0,0.040608207,0,0,0,0,0,0,Vancomycin
973,CD,1.5,48,['CD'],0.018060536,0,0,0,0,0,0,0,0,0,0,0,0,0,Vancomycin
974,CD-EL,1.5,48,"['CD', 'EL']",0.000586995,0,0,0,0,0,0,0.023784318,0,0,0,0,0,0,Vancomycin
975,CD-CH,1.5,48,"['CD', 'CH']",0.000907445,0,0,0,0,0,0,0,0.015876204,0,0,0,0,0,Vancomycin
978,CD-CH,0.75,48,"['CD', 'CH']",0.001061222,0,0,0,0,0,0,0,0.016115708,0,0,0,0,0,Vancomycin
979,CD,3,48,['CD'],0.018896203,0,0,0,0,0,0,0,0,0,0,0,0,0,Vancomycin
982,CD,0.75,48,['CD'],0.018025,0,0,0,0,0,0,0,0,0,0,0,0,0,Vancomycin
983,CD,0.375,48,['CD'],0.2059453,0,0,0,0,0,0,0,0,0,0,0,0,0,Vancomycin
984,CD-CH,0.1875,48,"['CD', 'CH']",0.115369755,0,0,0,0,0,0,0,0.061401766,0,0,0,0,0,Vancomycin
985,CD,0.1875,48,['CD'],0.160150529,0,0,0,0,0,0,0,0,0,0,0,0,0,Vancomycin
986,CD-CH,0.09375,48,"['CD', 'CH']",0.060823648,0,0,0,0,0,0,0,0.181220686,0,0,0,0,0,Vancomycin
987,CD,0.09375,48,['CD'],0.17608392,0,0,0,0,0,0,0,0,0,0,0,0,0,Vancomycin
988,CD-CH,3,48,"['CD', 'CH']",0.000901857,0,0,0,0,0,0,0,0.017256818,0,0,0,0,0,Vancomycin
989,CD-DP,1.5,48,"['CD', 'DP']",0.004750171,0,0.049829086,0,0,0,0,0,0,0,0,0,0,0,Vancomycin
990,CD-DP,0.1875,48,"['CD', 'DP']",0.185988122,0,0.010118958,0,0,0,0,0,0,0,0,0,0,0,Vancomycin
992,CD-DP,0.375,48,"['CD', 'DP']",0.027748035,0,0.024582876,0,0,0,0,0,0,0,0,0,0,0,Vancomycin
993,CD-DP,0.75,48,"['CD', 'DP']",0.006490696,0,0.051264574,0,0,0,0,0,0,0,0,0,0,0,Vancomycin
994,CD-DP,3,48,"['CD', 'DP']",0.005826716,0,0.048724388,0,0,0,0,0,0,0,0,0,0,0,Vancomycin
995,CD-BO,3,48,"['CD', 'BO']",0.00103589,0,0,0,0,0,0,0,0,0.386689975,0,0,0,0,Vancomycin
996,CD-BO,1.5,48,"['CD', 'BO']",0.000888189,0,0,0,0,0,0,0,0,0.408711044,0,0,0,0,Vancomycin
997,CD-BO,0.75,48,"['CD', 'BO']",0.001128384,0,0,0,0,0,0,0,0,0.399577967,0,0,0,0,Vancomycin
998,CD-BO,0.375,48,"['CD', 'BO']",0.003137484,0,0,0,0,0,0,0,0,0.406761094,0,0,0,0,Vancomycin
999,CD-BO,0.1875,48,"['CD', 'BO']",0.002967838,0,0,0,0,0,0,0,0,0.404149706,0,0,0,0,Vancomycin
1000,CD-BH,1.5,48,"['CD', 'BH']",0,0,0,0,0,0,0,0,0,0,0,0,0,0,Vancomycin
1001,CD-BO,0.09375,48,"['CD', 'BO']",0.000198133,0,0,0,0,0,0,0,0,0.397624273,0,0,0,0,Vancomycin
1002,CD-BT,0.75,48,"['CD', 'BT']",0.001309844,0,0,0,0,0,0,0,0,0,0.476987825,0,0,0,Vancomycin
1003,CD-BU,1.5,48,"['CD', 'BU']",0.001631976,0,0,0,0,0,0,0,0,0,0,0.385531351,0,0,Vancomycin
1005,CD-BU,3,48,"['CD', 'BU']",0.002392999,0,0,0,0,0,0,0,0,0,0,0.350690675,0,0,Vancomycin
1006,CD-FP,1.5,48,"['CD', 'FP']",0,0,0,0,0,0,0,0,0,0,0,0,0,0,Vancomycin
1007,CD-BT,0.375,48,"['CD', 'BT']",0.001755885,0,0,0,0,0,0,0,0,0,0.481972446,0,0,0,Vancomycin
1008,CD-BH,0.375,48,"['CD', 'BH']",0,0,0,0,0,0,0,0,0,0,0,0,0,0,Vancomycin
1010,CD-BH,0.75,48,"['CD', 'BH']",0,0,0,0,0,0,0,0,0,0,0,0,0,0,Vancomycin
1011,CD-BU,0.375,48,"['CD', 'BU']",0.015455473,0,0,0,0,0,0,0,0,0,0,0.370522535,0,0,Vancomycin
1013,CD-BT,0.1875,48,"['CD', 'BT']",0.002165258,0,0,0,0,0,0,0,0,0,0.454143892,0,0,0,Vancomycin
1015,CD-FP,0.1875,48,"['CD', 'FP']",0.207779573,0,0,0.072101369,0,0,0,0,0,0,0,0,0,0,Vancomycin
1016,CD-BT,0.09375,48,"['CD', 'BT']",0.000229223,0,0,0,0,0,0,0,0,0,0.452179759,0,0,0,Vancomycin
1017,CD-FP,0.09375,48,"['CD', 'FP']",0.173237763,0,0,0.10941174,0,0,0,0,0,0,0,0,0,0,Vancomycin
1018,CD-BT,3,48,"['CD', 'BT']",0.00107911,0,0,0,0,0,0,0,0,0,0.489092492,0,0,0,Vancomycin
1019,CD-BH,3,48,"['CD', 'BH']",0,0,0,0,0,0,0,0,0,0,0,0,0,0,Vancomycin
1020,CD-BH,0.09375,48,"['CD', 'BH']",0.170159022,0,0,0,0.059664607,0,0,0,0,0,0,0,0,0,Vancomycin
1021,CD-BU,0.1875,48,"['CD', 'BU']",0.021662925,0,0,0,0,0,0,0,0,0,0,0.40509944,0,0,Vancomycin
1022,CD-BT,1.5,48,"['CD', 'BT']",0.00137065,0,0,0,0,0,0,0,0,0,0.47614752,0,0,0,Vancomycin
1023,CD-BU,0.75,48,"['CD', 'BU']",0.002112947,0,0,0,0,0,0,0,0,0,0,0.36287163,0,0,Vancomycin
1024,CD-BV,0.75,48,"['CD', 'BV']",0.032781685,0,0,0,0,0,0,0,0,0,0,0,0.400529775,0,Vancomycin
1025,CD-BU,0.09375,48,"['CD', 'BU']",0.00055442,0,0,0,0,0,0,0,0,0,0,0.400783978,0,0,Vancomycin
1027,CD-BV,0.375,48,"['CD', 'BV']",0.049395749,0,0,0,0,0,0,0,0,0,0,0,0.394091744,0,Vancomycin
1029,CD-PC,0.75,48,"['CD', 'PC']",0.000694786,0,0,0,0,0,0.447808716,0,0,0,0,0,0,0,Vancomycin
1030,CD-CS,0.375,48,"['CD', 'CS']",0.110987083,0,0,0,0,0,0,0,0,0,0,0,0,0.040311853,Vancomycin
1032,CD-BV,0.1875,48,"['CD', 'BV']",0.000391001,0,0,0,0,0,0,0,0,0,0,0,0.449353142,0,Vancomycin
1033,CD-PC,0.09375,48,"['CD', 'PC']",0.000818378,0,0,0,0,0,0.435525824,0,0,0,0,0,0,0,Vancomycin
1035,CD-PC,0.375,48,"['CD', 'PC']",0.001233139,0,0,0,0,0,0.37295042,0,0,0,0,0,0,0,Vancomycin
1039,CD-CS,3,48,"['CD', 'CS']",0,0,0,0,0,0,0,0,0,0,0,0,0,0,Vancomycin
1041,CD-PC,3,48,"['CD', 'PC']",0.000602944,0,0,0,0,0,0.419579829,0,0,0,0,0,0,0,Vancomycin
1042,CD-BV,3,48,"['CD', 'BV']",0.006889368,0,0,0,0,0,0,0,0,0,0,0,0.403382328,0,Vancomycin
1044,CD-BV,1.5,48,"['CD', 'BV']",0.017096917,0,0,0,0,0,0,0,0,0,0,0,0.394836123,0,Vancomycin
1045,CD-PC,1.5,48,"['CD', 'PC']",0.000616642,0,0,0,0,0,0.446983358,0,0,0,0,0,0,0,Vancomycin
1046,CD-CS,1.5,48,"['CD', 'CS']",0,0,0,0,0,0,0,0,0,0,0,0,0,0,Vancomycin
1048,CD-PC,0.1875,48,"['CD', 'PC']",0.001477325,0,0,0,0,0,0.444435774,0,0,0,0,0,0,0,Vancomycin
1049,CD-CS,0.1875,48,"['CD', 'CS']",0.127772083,0,0,0,0,0,0,0,0,0,0,0,0,0,Vancomycin
1050,CD,0.1875,48,['CD'],0.124375722,0,0,0,0,0,0,0,0,0,0,0,0,0,Vancomycin
1051,CD-ER,1.5,48,"['CD', 'ER']",0,0,0,0,0,0,0,0,0,0,0,0,0,0,Vancomycin
1052,CD-ER,0.75,48,"['CD', 'ER']",0,0,0,0,0,0,0,0,0,0,0,0,0,0,Vancomycin
1053,CD,0.09375,48,['CD'],0.1494,0,0,0,0,0,0,0,0,0,0,0,0,0,Vancomycin
1054,CD-ER,0.375,48,"['CD', 'ER']",0.027518885,0.001275832,0,0,0,0,0,0,0,0,0,0,0,0,Vancomycin
1056,CD,0.09375,48,['CD'],0.18255505,0,0,0,0,0,0,0,0,0,0,0,0,0,Vancomycin
1057,CD-ER,0.1875,48,"['CD', 'ER']",0.059562413,0.070401354,0,0,0,0,0,0,0,0,0,0,0,0,Vancomycin
1059,CD,1.5,48,['CD'],0,0,0,0,0,0,0,0,0,0,0,0,0,0,Vancomycin
1060,CD-ER,0.09375,48,"['CD', 'ER']",0.054816944,0.068500554,0,0,0,0,0,0,0,0,0,0,0,0,Vancomycin
1062,CD-CH,1.5,48,"['CD', 'CH']",0,0,0,0,0,0,0,0,0,0,0,0,0,0,Vancomycin
1063,CD,3,48,['CD'],0,0,0,0,0,0,0,0,0,0,0,0,0,0,Vancomycin
1065,CD,0.75,48,['CD'],0,0,0,0,0,0,0,0,0,0,0,0,0,0,Vancomycin
1066,CD,1.5,48,['CD'],0,0,0,0,0,0,0,0,0,0,0,0,0,0,Vancomycin
1068,CD,0.75,48,['CD'],0,0,0,0,0,0,0,0,0,0,0,0,0,0,Vancomycin
1069,CD,0.1875,48,['CD'],0.1468,0,0,0,0,0,0,0,0,0,0,0,0,0,Vancomycin
1070,CD,0.375,48,['CD'],0.027998106,0,0,0,0,0,0,0,0,0,0,0,0,0,Vancomycin
1072,CD,0.375,48,['CD'],0.180574656,0,0,0,0,0,0,0,0,0,0,0,0,0,Vancomycin
1073,CD-CH,0.75,48,"['CD', 'CH']",0,0,0,0,0,0,0,0,0,0,0,0,0,0,Vancomycin
1074,CD,3,48,['CD'],0,0,0,0,0,0,0,0,0,0,0,0,0,0,Vancomycin
1075,CD-CH,3,48,"['CD', 'CH']",0,0,0,0,0,0,0,0,0,0,0,0,0,0,Vancomycin
1076,CD-CH,0.375,48,"['CD', 'CH']",0.353961105,0,0,0,0,0,0,0,0.004587237,0,0,0,0,0,Vancomycin
1077,CD-CH,0.1875,48,"['CD', 'CH']",0.018857724,0,0,0,0,0,0,0,0.170244314,0,0,0,0,0,Vancomycin
1078,CD-BH,0,48,"['CD', 'BH']",0.160853416,0,0,0,0.050475193,0,0,0,0,0,0,0,0,0,Vancomycin
1079,CD-BH,0,48,"['CD', 'BH']",0.185135533,0,0,0,0.043721553,0,0,0,0,0,0,0,0,0,Vancomycin
1080,CD-BH,0,48,"['CD', 'BH']",0.212757167,0,0,0,0.059052617,0,0,0,0,0,0,0,0,0,Vancomycin
1081,CD-BH,0,48,"['CD', 'BH']",0.183348209,0,0,0,0.074797784,0,0,0,0,0,0,0,0,0,Vancomycin
1082,CD-BO,0,48,"['CD', 'BO']",0.004406599,0,0,0,0,0,0,0,0,0.404499908,0,0,0,0,Vancomycin
1083,CD-BO,0,48,"['CD', 'BO']",0.006185408,0,0,0,0,0,0,0,0,0.435167213,0,0,0,0,Vancomycin
1084,CD-BO,0,48,"['CD', 'BO']",0.006608466,0,0,0,0,0,0,0,0,0.435182162,0,0,0,0,Vancomycin
1085,CD-BO,0,48,"['CD', 'BO']",0.004592577,0,0,0,0,0,0,0,0,0.504830238,0,0,0,0,Vancomycin
1086,CD-BT,0,48,"['CD', 'BT']",0.000601716,0,0,0,0,0,0,0,0,0,0.489495711,0,0,0,Vancomycin
1087,CD-BT,0,48,"['CD', 'BT']",0.001647626,0,0,0,0,0,0,0,0,0,0.579222849,0,0,0,Vancomycin
1088,CD-BT,0,48,"['CD', 'BT']",0.000855014,0,0,0,0,0,0,0,0,0,0.574373983,0,0,0,Vancomycin
1089,CD-BT,0,48,"['CD', 'BT']",0.000967429,0,0,0,0,0,0,0,0,0,0.533398774,0,0,0,Vancomycin
1090,CD-BU,0,48,"['CD', 'BU']",0.02311875,0,0,0,0,0,0,0,0,0,0,0.468515918,0,0,Vancomycin
1091,CD-BU,0,48,"['CD', 'BU']",0.026398315,0,0,0,0,0,0,0,0,0,0,0.528551068,0,0,Vancomycin
1092,CD-BU,0,48,"['CD', 'BU']",0.030080332,0,0,0,0,0,0,0,0,0,0,0.553288813,0,0,Vancomycin
1093,CD-BU,0,48,"['CD', 'BU']",0.031245074,0,0,0,0,0,0,0,0,0,0,0.566736977,0,0,Vancomycin
1094,CD-BV,0,48,"['CD', 'BV']",0.051140853,0,0,0,0,0,0,0,0,0,0,0,0.410151687,0,Vancomycin
1095,CD-BV,0,48,"['CD', 'BV']",0.034045939,0,0,0,0,0,0,0,0,0,0,0,0.497469328,0,Vancomycin
1096,CD-BV,0,48,"['CD', 'BV']",0.07085847,0,0,0,0,0,0,0,0,0,0,0,0.454688319,0,Vancomycin
1097,CD-BV,0,48,"['CD', 'BV']",0.080699089,0,0,0,0,0,0,0,0,0,0,0,0.486112996,0,Vancomycin
1098,CD-CA,0,48,"['CD', 'CA']",0.143996669,0,0,0,0,0.220540133,0,0,0,0,0,0,0,0,Vancomycin
1099,CD-CA,0,48,"['CD', 'CA']",0.1118,0,0,0,0,0.309254618,0,0,0,0,0,0,0,0,Vancomycin
1100,CD-CA,0,48,"['CD', 'CA']",0.085149042,0,0,0,0,0.402055972,0,0,0,0,0,0,0,0,Vancomycin
1101,CD-CH,0,48,"['CD', 'CH']",0.047852923,0,0,0,0,0,0,0,0.171251925,0,0,0,0,0,Vancomycin
1102,CD-CH,0,48,"['CD', 'CH']",0.050062175,0,0,0,0,0,0,0,0.174470523,0,0,0,0,0,Vancomycin
1103,CD-CH,0,48,"['CD', 'CH']",0.090581568,0,0,0,0,0,0,0,0.166157967,0,0,0,0,0,Vancomycin
1104,CD-CH,0,48,"['CD', 'CH']",0.086855891,0,0,0,0,0,0,0,0.170634016,0,0,0,0,0,Vancomycin
1105,CD-CS,0,48,"['CD', 'CS']",0.110993301,0,0,0,0,0,0,0,0,0,0,0,0,0.046425769,Vancomycin
1106,CD-CS,0,48,"['CD', 'CS']",0.136255932,0,0,0,0,0,0,0,0,0,0,0,0,0.044321718,Vancomycin
1107,CD-CS,0,48,"['CD', 'CS']",0.1317098,0,0,0,0,0,0,0,0,0,0,0,0,0.056131528,Vancomycin
1108,CD-CS,0,48,"['CD', 'CS']",0.141597284,0,0,0,0,0,0,0,0,0,0,0,0,0.047018033,Vancomycin
1109,CD-EL,0,48,"['CD', 'EL']",0.218466715,0,0,0,0,0,0,0.027330705,0,0,0,0,0,0,Vancomycin
1110,CD-EL,0,48,"['CD', 'EL']",0.22179259,0,0,0,0,0,0,0.026453387,0,0,0,0,0,0,Vancomycin
1111,CD-EL,0,48,"['CD', 'EL']",0.220286138,0,0,0,0,0,0,0.043057995,0,0,0,0,0,0,Vancomycin
1112,CD-EL,0,48,"['CD', 'EL']",0.196534129,0,0,0,0,0,0,0.058664861,0,0,0,0,0,0,Vancomycin
1113,CD-ER,0,48,"['CD', 'ER']",0.072653769,0.060874303,0,0,0,0,0,0,0,0,0,0,0,0,Vancomycin
1114,CD-ER,0,48,"['CD', 'ER']",0.086998443,0.122896749,0,0,0,0,0,0,0,0,0,0,0,0,Vancomycin
1115,CD-ER,0,48,"['CD', 'ER']",0.225606943,0.006330133,0,0,0,0,0,0,0,0,0,0,0,0,Vancomycin
1116,CD-ER,0,48,"['CD', 'ER']",0.197580306,0.006265296,0,0,0,0,0,0,0,0,0,0,0,0,Vancomycin
1117,CD-FP,0,48,"['CD', 'FP']",0.131524244,0,0,0.091636464,0,0,0,0,0,0,0,0,0,0,Vancomycin
1118,CD-FP,0,48,"['CD', 'FP']",0.180491668,0,0,0.106307808,0,0,0,0,0,0,0,0,0,0,Vancomycin
1119,CD-FP,0,48,"['CD', 'FP']",0.17377931,0,0,0.099668966,0,0,0,0,0,0,0,0,0,0,Vancomycin
1120,CD-PC,0,48,"['CD', 'PC']",0.009452265,0,0,0,0,0,0.629947735,0,0,0,0,0,0,0,Vancomycin
1121,CD-PC,0,48,"['CD', 'PC']",0.015937465,0,0,0,0,0,0.656871668,0,0,0,0,0,0,0,Vancomycin
1122,CD-PC,0,48,"['CD', 'PC']",0.006575612,0,0,0,0,0,0.712291547,0,0,0,0,0,0,0,Vancomycin
1123,CD-PC,0,48,"['CD', 'PC']",0.019273231,0,0,0,0,0,0.570929966,0,0,0,0,0,0,0,Vancomycin
1124,CD,0,48,['CD'],0.158934325,0,0,0,0,0,0,0,0,0,0,0,0,0,Vancomycin
1125,CD,0,48,['CD'],0.179742843,0,0,0,0,0,0,0,0,0,0,0,0,0,Vancomycin
1126,CD,0,48,['CD'],0.195366643,0,0,0,0,0,0,0,0,0,0,0,0,0,Vancomycin
1127,CD,0,48,['CD'],0.189173386,0,0,0,0,0,0,0,0,0,0,0,0,0,Vancomycin
1128,CD,0,48,['CD'],0.194604902,0,0,0,0,0,0,0,0,0,0,0,0,0,Vancomycin
1129,CD-BH,0,48,"['CD', 'BH']",0.160853416,0,0,0,0.050475193,0,0,0,0,0,0,0,0,0,Fidaxomicin
1130,CD-BH,0,48,"['CD', 'BH']",0.185135533,0,0,0,0.043721553,0,0,0,0,0,0,0,0,0,Fidaxomicin
1131,CD-BH,0,48,"['CD', 'BH']",0.212757167,0,0,0,0.059052617,0,0,0,0,0,0,0,0,0,Fidaxomicin
1132,CD-BH,0,48,"['CD', 'BH']",0.183348209,0,0,0,0.074797784,0,0,0,0,0,0,0,0,0,Fidaxomicin
1133,CD-BO,0,48,"['CD', 'BO']",0.004406599,0,0,0,0,0,0,0,0,0.404499908,0,0,0,0,Fidaxomicin
1134,CD-BO,0,48,"['CD', 'BO']",0.006185408,0,0,0,0,0,0,0,0,0.435167213,0,0,0,0,Fidaxomicin
1135,CD-BO,0,48,"['CD', 'BO']",0.006608466,0,0,0,0,0,0,0,0,0.435182162,0,0,0,0,Fidaxomicin
1136,CD-BO,0,48,"['CD', 'BO']",0.004592577,0,0,0,0,0,0,0,0,0.504830238,0,0,0,0,Fidaxomicin
1137,CD-BT,0,48,"['CD', 'BT']",0.000601716,0,0,0,0,0,0,0,0,0,0.489495711,0,0,0,Fidaxomicin
1138,CD-BT,0,48,"['CD', 'BT']",0.001647626,0,0,0,0,0,0,0,0,0,0.579222849,0,0,0,Fidaxomicin
1139,CD-BT,0,48,"['CD', 'BT']",0.000855014,0,0,0,0,0,0,0,0,0,0.574373983,0,0,0,Fidaxomicin
1140,CD-BT,0,48,"['CD', 'BT']",0.000967429,0,0,0,0,0,0,0,0,0,0.533398774,0,0,0,Fidaxomicin
1141,CD-BU,0,48,"['CD', 'BU']",0.02311875,0,0,0,0,0,0,0,0,0,0,0.468515918,0,0,Fidaxomicin
1142,CD-BU,0,48,"['CD', 'BU']",0.026398315,0,0,0,0,0,0,0,0,0,0,0.528551068,0,0,Fidaxomicin
1143,CD-BU,0,48,"['CD', 'BU']",0.030080332,0,0,0,0,0,0,0,0,0,0,0.553288813,0,0,Fidaxomicin
1144,CD-BU,0,48,"['CD', 'BU']",0.031245074,0,0,0,0,0,0,0,0,0,0,0.566736977,0,0,Fidaxomicin
1145,CD-BV,0,48,"['CD', 'BV']",0.051140853,0,0,0,0,0,0,0,0,0,0,0,0.410151687,0,Fidaxomicin
1146,CD-BV,0,48,"['CD', 'BV']",0.034045939,0,0,0,0,0,0,0,0,0,0,0,0.497469328,0,Fidaxomicin
1147,CD-BV,0,48,"['CD', 'BV']",0.07085847,0,0,0,0,0,0,0,0,0,0,0,0.454688319,0,Fidaxomicin
1148,CD-BV,0,48,"['CD', 'BV']",0.080699089,0,0,0,0,0,0,0,0,0,0,0,0.486112996,0,Fidaxomicin
1149,CD-CA,0,48,"['CD', 'CA']",0.143996669,0,0,0,0,0.220540133,0,0,0,0,0,0,0,0,Fidaxomicin
1150,CD-CA,0,48,"['CD', 'CA']",0.1118,0,0,0,0,0.309254618,0,0,0,0,0,0,0,0,Fidaxomicin
1151,CD-CA,0,48,"['CD', 'CA']",0.085149042,0,0,0,0,0.402055972,0,0,0,0,0,0,0,0,Fidaxomicin
1152,CD-CH,0,48,"['CD', 'CH']",0.047852923,0,0,0,0,0,0,0,0.171251925,0,0,0,0,0,Fidaxomicin
1153,CD-CH,0,48,"['CD', 'CH']",0.050062175,0,0,0,0,0,0,0,0.174470523,0,0,0,0,0,Fidaxomicin
1154,CD-CH,0,48,"['CD', 'CH']",0.090581568,0,0,0,0,0,0,0,0.166157967,0,0,0,0,0,Fidaxomicin
1155,CD-CH,0,48,"['CD', 'CH']",0.086855891,0,0,0,0,0,0,0,0.170634016,0,0,0,0,0,Fidaxomicin
1156,CD-CS,0,48,"['CD', 'CS']",0.110993301,0,0,0,0,0,0,0,0,0,0,0,0,0.046425769,Fidaxomicin
1157,CD-CS,0,48,"['CD', 'CS']",0.136255932,0,0,0,0,0,0,0,0,0,0,0,0,0.044321718,Fidaxomicin
1158,CD-CS,0,48,"['CD', 'CS']",0.1317098,0,0,0,0,0,0,0,0,0,0,0,0,0.056131528,Fidaxomicin
1159,CD-CS,0,48,"['CD', 'CS']",0.141597284,0,0,0,0,0,0,0,0,0,0,0,0,0.047018033,Fidaxomicin
1160,CD-EL,0,48,"['CD', 'EL']",0.218466715,0,0,0,0,0,0,0.027330705,0,0,0,0,0,0,Fidaxomicin
1161,CD-EL,0,48,"['CD', 'EL']",0.22179259,0,0,0,0,0,0,0.026453387,0,0,0,0,0,0,Fidaxomicin
1162,CD-EL,0,48,"['CD', 'EL']",0.220286138,0,0,0,0,0,0,0.043057995,0,0,0,0,0,0,Fidaxomicin
1163,CD-EL,0,48,"['CD', 'EL']",0.196534129,0,0,0,0,0,0,0.058664861,0,0,0,0,0,0,Fidaxomicin
1164,CD-ER,0,48,"['CD', 'ER']",0.072653769,0.060874303,0,0,0,0,0,0,0,0,0,0,0,0,Fidaxomicin
1165,CD-ER,0,48,"['CD', 'ER']",0.086998443,0.122896749,0,0,0,0,0,0,0,0,0,0,0,0,Fidaxomicin
1166,CD-ER,0,48,"['CD', 'ER']",0.225606943,0.006330133,0,0,0,0,0,0,0,0,0,0,0,0,Fidaxomicin
1167,CD-ER,0,48,"['CD', 'ER']",0.197580306,0.006265296,0,0,0,0,0,0,0,0,0,0,0,0,Fidaxomicin
1168,CD-FP,0,48,"['CD', 'FP']",0.131524244,0,0,0.091636464,0,0,0,0,0,0,0,0,0,0,Fidaxomicin
1169,CD-FP,0,48,"['CD', 'FP']",0.180491668,0,0,0.106307808,0,0,0,0,0,0,0,0,0,0,Fidaxomicin
1170,CD-FP,0,48,"['CD', 'FP']",0.17377931,0,0,0.099668966,0,0,0,0,0,0,0,0,0,0,Fidaxomicin
1171,CD-PC,0,48,"['CD', 'PC']",0.009452265,0,0,0,0,0,0.629947735,0,0,0,0,0,0,0,Fidaxomicin
1172,CD-PC,0,48,"['CD', 'PC']",0.015937465,0,0,0,0,0,0.656871668,0,0,0,0,0,0,0,Fidaxomicin
1173,CD-PC,0,48,"['CD', 'PC']",0.006575612,0,0,0,0,0,0.712291547,0,0,0,0,0,0,0,Fidaxomicin
1174,CD-PC,0,48,"['CD', 'PC']",0.019273231,0,0,0,0,0,0.570929966,0,0,0,0,0,0,0,Fidaxomicin
1175,CD,0,48,['CD'],0.158934325,0,0,0,0,0,0,0,0,0,0,0,0,0,Fidaxomicin
1176,CD,0,48,['CD'],0.179742843,0,0,0,0,0,0,0,0,0,0,0,0,0,Fidaxomicin
1177,CD,0,48,['CD'],0.195366643,0,0,0,0,0,0,0,0,0,0,0,0,0,Fidaxomicin
1178,CD,0,48,['CD'],0.189173386,0,0,0,0,0,0,0,0,0,0,0,0,0,Fidaxomicin
1179,CD,0,48,['CD'],0.194604902,0,0,0,0,0,0,0,0,0,0,0,0,0,Fidaxomicin
1180,CD-DP,0,48,"['CD', 'DP']",0.122860722,0,0.043260818,0,0,0,0,0,0,0,0,0,0,0,Metronidazole
1181,CD-DP,0,48,"['CD', 'DP']",0.121313344,0,0.040764604,0,0,0,0,0,0,0,0,0,0,0,Metronidazole
1182,CD-DP,0,48,"['CD', 'DP']",0.121791861,0,0.045012425,0,0,0,0,0,0,0,0,0,0,0,Metronidazole
1183,CD-DP,0,48,"['CD', 'DP']",0.122860722,0,0.043260818,0,0,0,0,0,0,0,0,0,0,0,Vancomycin
1184,CD-DP,0,48,"['CD', 'DP']",0.121313344,0,0.040764604,0,0,0,0,0,0,0,0,0,0,0,Vancomycin
1185,CD-DP,0,48,"['CD', 'DP']",0.121791861,0,0.045012425,0,0,0,0,0,0,0,0,0,0,0,Vancomycin
1186,CD-DP,0,48,"['CD', 'DP']",0.122860722,0,0.043260818,0,0,0,0,0,0,0,0,0,0,0,Fidaxomicin
1187,CD-DP,0,48,"['CD', 'DP']",0.121313344,0,0.040764604,0,0,0,0,0,0,0,0,0,0,0,Fidaxomicin
1188,CD-DP,0,48,"['CD', 'DP']",0.121791861,0,0.045012425,0,0,0,0,0,0,0,0,0,0,0,Fidaxomicin
